Copyright 1986-2022 Xilinx, Inc. All Rights Reserved. Copyright 2022-2025 Advanced Micro Devices, Inc. All Rights Reserved.
------------------------------------------------------------------------------------------------------------------------------------------------------------------------------------------------------------------------------------------
| Tool Version : Vivado v.2025.2 (lin64) Build 6299465 Fri Nov 14 12:34:56 MST 2025
| Date         : Thu Sep  3 02:11:44 2026
| Host         : sysmic-MS-7D09 running 64-bit Ubuntu 22.04.5 LTS
| Command      : report_timing_summary -max_paths 10 -routable_nets -report_unconstrained -file cronometer_timing_summary_routed.rpt -pb cronometer_timing_summary_routed.pb -rpx cronometer_timing_summary_routed.rpx -warn_on_violation
| Design       : cronometer
| Device       : 7a100t-csg324
| Speed File   : -1  PRODUCTION 1.23 2018-06-13
| Design State : Routed
------------------------------------------------------------------------------------------------------------------------------------------------------------------------------------------------------------------------------------------

Timing Summary Report

------------------------------------------------------------------------------------------------
| Timer Settings
| --------------
------------------------------------------------------------------------------------------------

  Enable Multi Corner Analysis               :  Yes
  Enable Pessimism Removal                   :  Yes
  Pessimism Removal Resolution               :  Nearest Common Node
  Enable Input Delay Default Clock           :  No
  Enable Preset / Clear Arcs                 :  No
  Disable Flight Delays                      :  No
  Ignore I/O Paths                           :  No
  Timing Early Launch at Borrowing Latches   :  No
  Borrow Time for Max Delay Exceptions       :  Yes
  Merge Timing Exceptions                    :  Yes
  Inter-SLR Compensation                     :  Conservative

  Corner  Analyze    Analyze    
  Name    Max Paths  Min Paths  
  ------  ---------  ---------  
  Slow    Yes        Yes        
  Fast    Yes        Yes        


------------------------------------------------------------------------------------------------
| Report Methodology
| ------------------
------------------------------------------------------------------------------------------------

Rule       Severity  Description                    Violations  
---------  --------  -----------------------------  ----------  
TIMING-18  Warning   Missing input or output delay  16          

Note: This report is based on the most recent report_methodology run and may not be up-to-date. Run report_methodology on the current design for the latest report.



check_timing report

Table of Contents
-----------------
1. checking no_clock (0)
2. checking constant_clock (0)
3. checking pulse_width_clock (0)
4. checking unconstrained_internal_endpoints (0)
5. checking no_input_delay (1)
6. checking no_output_delay (15)
7. checking multiple_clock (0)
8. checking generated_clocks (0)
9. checking loops (0)
10. checking partial_input_delay (0)
11. checking partial_output_delay (0)
12. checking latch_loops (0)

1. checking no_clock (0)
------------------------
 There are 0 register/latch pins with no clock.


2. checking constant_clock (0)
------------------------------
 There are 0 register/latch pins with constant_clock.


3. checking pulse_width_clock (0)
---------------------------------
 There are 0 register/latch pins which need pulse_width check


4. checking unconstrained_internal_endpoints (0)
------------------------------------------------
 There are 0 pins that are not constrained for maximum delay.

 There are 0 pins that are not constrained for maximum delay due to constant clock.


5. checking no_input_delay (1)
------------------------------
 There is 1 input port with no input delay specified. (HIGH)

 There are 0 input ports with no input delay but user has a false path constraint.


6. checking no_output_delay (15)
--------------------------------
 There are 15 ports with no output delay specified. (HIGH)

 There are 0 ports with no output delay but user has a false path constraint

 There are 0 ports with no output delay but with a timing clock defined on it or propagating through it


7. checking multiple_clock (0)
------------------------------
 There are 0 register/latch pins with multiple clocks.


8. checking generated_clocks (0)
--------------------------------
 There are 0 generated clocks that are not connected to a clock source.


9. checking loops (0)
---------------------
 There are 0 combinational loops in the design.


10. checking partial_input_delay (0)
------------------------------------
 There are 0 input ports with partial input delay specified.


11. checking partial_output_delay (0)
-------------------------------------
 There are 0 ports with partial output delay specified.


12. checking latch_loops (0)
----------------------------
 There are 0 combinational latch loops in the design through latch input



------------------------------------------------------------------------------------------------
| Design Timing Summary
| ---------------------
------------------------------------------------------------------------------------------------

    WNS(ns)      TNS(ns)  TNS Failing Endpoints  TNS Total Endpoints      WHS(ns)      THS(ns)  THS Failing Endpoints  THS Total Endpoints     WPWS(ns)     TPWS(ns)  TPWS Failing Endpoints  TPWS Total Endpoints  
    -------      -------  ---------------------  -------------------      -------      -------  ---------------------  -------------------     --------     --------  ----------------------  --------------------  
      5.470        0.000                      0                   98        0.163        0.000                      0                   98        4.500        0.000                       0                    60  


All user specified timing constraints are met.


------------------------------------------------------------------------------------------------
| Clock Summary
| -------------
------------------------------------------------------------------------------------------------

Clock        Waveform(ns)       Period(ns)      Frequency(MHz)
-----        ------------       ----------      --------------
sys_clk_pin  {0.000 5.000}      10.000          100.000         


------------------------------------------------------------------------------------------------
| Intra Clock Table
| -----------------
------------------------------------------------------------------------------------------------

Clock             WNS(ns)      TNS(ns)  TNS Failing Endpoints  TNS Total Endpoints      WHS(ns)      THS(ns)  THS Failing Endpoints  THS Total Endpoints     WPWS(ns)     TPWS(ns)  TPWS Failing Endpoints  TPWS Total Endpoints  
-----             -------      -------  ---------------------  -------------------      -------      -------  ---------------------  -------------------     --------     --------  ----------------------  --------------------  
sys_clk_pin         5.470        0.000                      0                   98        0.163        0.000                      0                   98        4.500        0.000                       0                    60  


------------------------------------------------------------------------------------------------
| Inter Clock Table
| -----------------
------------------------------------------------------------------------------------------------

From Clock    To Clock          WNS(ns)      TNS(ns)  TNS Failing Endpoints  TNS Total Endpoints      WHS(ns)      THS(ns)  THS Failing Endpoints  THS Total Endpoints  
----------    --------          -------      -------  ---------------------  -------------------      -------      -------  ---------------------  -------------------  


------------------------------------------------------------------------------------------------
| Other Path Groups Table
| -----------------------
------------------------------------------------------------------------------------------------

Path Group    From Clock    To Clock          WNS(ns)      TNS(ns)  TNS Failing Endpoints  TNS Total Endpoints      WHS(ns)      THS(ns)  THS Failing Endpoints  THS Total Endpoints  
----------    ----------    --------          -------      -------  ---------------------  -------------------      -------      -------  ---------------------  -------------------  


------------------------------------------------------------------------------------------------
| User Ignored Path Table
| -----------------------
------------------------------------------------------------------------------------------------

Path Group    From Clock    To Clock    
----------    ----------    --------    


------------------------------------------------------------------------------------------------
| Unconstrained Path Table
| ------------------------
------------------------------------------------------------------------------------------------

Path Group    From Clock    To Clock    
----------    ----------    --------    
(none)        sys_clk_pin                 
(none)                      sys_clk_pin   


------------------------------------------------------------------------------------------------
| Timing Details
| --------------
------------------------------------------------------------------------------------------------


---------------------------------------------------------------------------------------------------
From Clock:  sys_clk_pin
  To Clock:  sys_clk_pin

Setup :            0  Failing Endpoints,  Worst Slack        5.470ns,  Total Violation        0.000ns
Hold  :            0  Failing Endpoints,  Worst Slack        0.163ns,  Total Violation        0.000ns
PW    :            0  Failing Endpoints,  Worst Slack        4.500ns,  Total Violation        0.000ns
---------------------------------------------------------------------------------------------------


Max Delay Paths
--------------------------------------------------------------------------------------
Slack (MET) :             5.470ns  (required time - arrival time)
  Source:                 _tick/_contador/counter_reg[5]/C
                            (rising edge-triggered cell FDRE clocked by sys_clk_pin  {rise@0.000ns fall@5.000ns period=10.000ns})
  Destination:            _tick/_contador/counter_reg[16]/R
                            (rising edge-triggered cell FDRE clocked by sys_clk_pin  {rise@0.000ns fall@5.000ns period=10.000ns})
  Path Group:             sys_clk_pin
  Path Type:              Setup (Max at Slow Process Corner)
  Requirement:            10.000ns  (sys_clk_pin rise@10.000ns - sys_clk_pin rise@0.000ns)
  Data Path Delay:        4.044ns  (logic 0.952ns (23.541%)  route 3.092ns (76.459%))
  Logic Levels:           4  (LUT2=1 LUT4=1 LUT6=2)
  Clock Path Skew:        -0.022ns (DCD - SCD + CPR)
    Destination Clock Delay (DCD):    5.026ns = ( 15.026 - 10.000 ) 
    Source Clock Delay      (SCD):    5.323ns
    Clock Pessimism Removal (CPR):    0.275ns
  Clock Uncertainty:      0.035ns  ((TSJ^2 + TIJ^2)^1/2 + DJ) / 2 + PE
    Total System Jitter     (TSJ):    0.071ns
    Total Input Jitter      (TIJ):    0.000ns
    Discrete Jitter          (DJ):    0.000ns
    Phase Error              (PE):    0.000ns

    Location             Delay type                Incr(ns)  Path(ns)    Netlist Resource(s)
  -------------------------------------------------------------------    -------------------
                         (clock sys_clk_pin rise edge)
                                                      0.000     0.000 r  
    E3                                                0.000     0.000 r  clk (IN)
                         net (fo=0)                   0.000     0.000    clk
    E3                   IBUF (Prop_ibuf_I_O)         1.482     1.482 r  clk_IBUF_inst/O
                         net (fo=1, routed)           2.025     3.506    clk_IBUF
    BUFGCTRL_X0Y16       BUFG (Prop_bufg_I_O)         0.096     3.602 r  clk_IBUF_BUFG_inst/O
                         net (fo=59, routed)          1.720     5.323    _tick/_contador/CLK
    SLICE_X0Y86          FDRE                                         r  _tick/_contador/counter_reg[5]/C
  -------------------------------------------------------------------    -------------------
    SLICE_X0Y86          FDRE (Prop_fdre_C_Q)         0.456     5.779 r  _tick/_contador/counter_reg[5]/Q
                         net (fo=2, routed)           0.948     6.727    _tick/_contador/counter_reg[5]
    SLICE_X1Y87          LUT4 (Prop_lut4_I1_O)        0.124     6.851 f  _tick/_contador/counter[6]_i_7/O
                         net (fo=1, routed)           0.407     7.258    _tick/_contador/counter[6]_i_7_n_0
    SLICE_X1Y87          LUT6 (Prop_lut6_I5_O)        0.124     7.382 f  _tick/_contador/counter[6]_i_4/O
                         net (fo=1, routed)           0.433     7.815    _tick/_contador/counter[6]_i_4_n_0
    SLICE_X1Y87          LUT6 (Prop_lut6_I5_O)        0.124     7.939 r  _tick/_contador/counter[6]_i_1/O
                         net (fo=10, routed)          0.424     8.363    _tick/_contador/tick
    SLICE_X1Y86          LUT2 (Prop_lut2_I1_O)        0.124     8.487 r  _tick/_contador/counter[0]_i_1/O
                         net (fo=20, routed)          0.880     9.367    _tick/_contador/_rst
    SLICE_X0Y89          FDRE                                         r  _tick/_contador/counter_reg[16]/R
  -------------------------------------------------------------------    -------------------

                         (clock sys_clk_pin rise edge)
                                                     10.000    10.000 r  
    E3                                                0.000    10.000 r  clk (IN)
                         net (fo=0)                   0.000    10.000    clk
    E3                   IBUF (Prop_ibuf_I_O)         1.411    11.411 r  clk_IBUF_inst/O
                         net (fo=1, routed)           1.920    13.331    clk_IBUF
    BUFGCTRL_X0Y16       BUFG (Prop_bufg_I_O)         0.091    13.422 r  clk_IBUF_BUFG_inst/O
                         net (fo=59, routed)          1.603    15.026    _tick/_contador/CLK
    SLICE_X0Y89          FDRE                                         r  _tick/_contador/counter_reg[16]/C
                         clock pessimism              0.275    15.301    
                         clock uncertainty           -0.035    15.265    
    SLICE_X0Y89          FDRE (Setup_fdre_C_R)       -0.429    14.836    _tick/_contador/counter_reg[16]
  -------------------------------------------------------------------
                         required time                         14.836    
                         arrival time                          -9.367    
  -------------------------------------------------------------------
                         slack                                  5.470    

Slack (MET) :             5.470ns  (required time - arrival time)
  Source:                 _tick/_contador/counter_reg[5]/C
                            (rising edge-triggered cell FDRE clocked by sys_clk_pin  {rise@0.000ns fall@5.000ns period=10.000ns})
  Destination:            _tick/_contador/counter_reg[17]/R
                            (rising edge-triggered cell FDRE clocked by sys_clk_pin  {rise@0.000ns fall@5.000ns period=10.000ns})
  Path Group:             sys_clk_pin
  Path Type:              Setup (Max at Slow Process Corner)
  Requirement:            10.000ns  (sys_clk_pin rise@10.000ns - sys_clk_pin rise@0.000ns)
  Data Path Delay:        4.044ns  (logic 0.952ns (23.541%)  route 3.092ns (76.459%))
  Logic Levels:           4  (LUT2=1 LUT4=1 LUT6=2)
  Clock Path Skew:        -0.022ns (DCD - SCD + CPR)
    Destination Clock Delay (DCD):    5.026ns = ( 15.026 - 10.000 ) 
    Source Clock Delay      (SCD):    5.323ns
    Clock Pessimism Removal (CPR):    0.275ns
  Clock Uncertainty:      0.035ns  ((TSJ^2 + TIJ^2)^1/2 + DJ) / 2 + PE
    Total System Jitter     (TSJ):    0.071ns
    Total Input Jitter      (TIJ):    0.000ns
    Discrete Jitter          (DJ):    0.000ns
    Phase Error              (PE):    0.000ns

    Location             Delay type                Incr(ns)  Path(ns)    Netlist Resource(s)
  -------------------------------------------------------------------    -------------------
                         (clock sys_clk_pin rise edge)
                                                      0.000     0.000 r  
    E3                                                0.000     0.000 r  clk (IN)
                         net (fo=0)                   0.000     0.000    clk
    E3                   IBUF (Prop_ibuf_I_O)         1.482     1.482 r  clk_IBUF_inst/O
                         net (fo=1, routed)           2.025     3.506    clk_IBUF
    BUFGCTRL_X0Y16       BUFG (Prop_bufg_I_O)         0.096     3.602 r  clk_IBUF_BUFG_inst/O
                         net (fo=59, routed)          1.720     5.323    _tick/_contador/CLK
    SLICE_X0Y86          FDRE                                         r  _tick/_contador/counter_reg[5]/C
  -------------------------------------------------------------------    -------------------
    SLICE_X0Y86          FDRE (Prop_fdre_C_Q)         0.456     5.779 r  _tick/_contador/counter_reg[5]/Q
                         net (fo=2, routed)           0.948     6.727    _tick/_contador/counter_reg[5]
    SLICE_X1Y87          LUT4 (Prop_lut4_I1_O)        0.124     6.851 f  _tick/_contador/counter[6]_i_7/O
                         net (fo=1, routed)           0.407     7.258    _tick/_contador/counter[6]_i_7_n_0
    SLICE_X1Y87          LUT6 (Prop_lut6_I5_O)        0.124     7.382 f  _tick/_contador/counter[6]_i_4/O
                         net (fo=1, routed)           0.433     7.815    _tick/_contador/counter[6]_i_4_n_0
    SLICE_X1Y87          LUT6 (Prop_lut6_I5_O)        0.124     7.939 r  _tick/_contador/counter[6]_i_1/O
                         net (fo=10, routed)          0.424     8.363    _tick/_contador/tick
    SLICE_X1Y86          LUT2 (Prop_lut2_I1_O)        0.124     8.487 r  _tick/_contador/counter[0]_i_1/O
                         net (fo=20, routed)          0.880     9.367    _tick/_contador/_rst
    SLICE_X0Y89          FDRE                                         r  _tick/_contador/counter_reg[17]/R
  -------------------------------------------------------------------    -------------------

                         (clock sys_clk_pin rise edge)
                                                     10.000    10.000 r  
    E3                                                0.000    10.000 r  clk (IN)
                         net (fo=0)                   0.000    10.000    clk
    E3                   IBUF (Prop_ibuf_I_O)         1.411    11.411 r  clk_IBUF_inst/O
                         net (fo=1, routed)           1.920    13.331    clk_IBUF
    BUFGCTRL_X0Y16       BUFG (Prop_bufg_I_O)         0.091    13.422 r  clk_IBUF_BUFG_inst/O
                         net (fo=59, routed)          1.603    15.026    _tick/_contador/CLK
    SLICE_X0Y89          FDRE                                         r  _tick/_contador/counter_reg[17]/C
                         clock pessimism              0.275    15.301    
                         clock uncertainty           -0.035    15.265    
    SLICE_X0Y89          FDRE (Setup_fdre_C_R)       -0.429    14.836    _tick/_contador/counter_reg[17]
  -------------------------------------------------------------------
                         required time                         14.836    
                         arrival time                          -9.367    
  -------------------------------------------------------------------
                         slack                                  5.470    

Slack (MET) :             5.470ns  (required time - arrival time)
  Source:                 _tick/_contador/counter_reg[5]/C
                            (rising edge-triggered cell FDRE clocked by sys_clk_pin  {rise@0.000ns fall@5.000ns period=10.000ns})
  Destination:            _tick/_contador/counter_reg[18]/R
                            (rising edge-triggered cell FDRE clocked by sys_clk_pin  {rise@0.000ns fall@5.000ns period=10.000ns})
  Path Group:             sys_clk_pin
  Path Type:              Setup (Max at Slow Process Corner)
  Requirement:            10.000ns  (sys_clk_pin rise@10.000ns - sys_clk_pin rise@0.000ns)
  Data Path Delay:        4.044ns  (logic 0.952ns (23.541%)  route 3.092ns (76.459%))
  Logic Levels:           4  (LUT2=1 LUT4=1 LUT6=2)
  Clock Path Skew:        -0.022ns (DCD - SCD + CPR)
    Destination Clock Delay (DCD):    5.026ns = ( 15.026 - 10.000 ) 
    Source Clock Delay      (SCD):    5.323ns
    Clock Pessimism Removal (CPR):    0.275ns
  Clock Uncertainty:      0.035ns  ((TSJ^2 + TIJ^2)^1/2 + DJ) / 2 + PE
    Total System Jitter     (TSJ):    0.071ns
    Total Input Jitter      (TIJ):    0.000ns
    Discrete Jitter          (DJ):    0.000ns
    Phase Error              (PE):    0.000ns

    Location             Delay type                Incr(ns)  Path(ns)    Netlist Resource(s)
  -------------------------------------------------------------------    -------------------
                         (clock sys_clk_pin rise edge)
                                                      0.000     0.000 r  
    E3                                                0.000     0.000 r  clk (IN)
                         net (fo=0)                   0.000     0.000    clk
    E3                   IBUF (Prop_ibuf_I_O)         1.482     1.482 r  clk_IBUF_inst/O
                         net (fo=1, routed)           2.025     3.506    clk_IBUF
    BUFGCTRL_X0Y16       BUFG (Prop_bufg_I_O)         0.096     3.602 r  clk_IBUF_BUFG_inst/O
                         net (fo=59, routed)          1.720     5.323    _tick/_contador/CLK
    SLICE_X0Y86          FDRE                                         r  _tick/_contador/counter_reg[5]/C
  -------------------------------------------------------------------    -------------------
    SLICE_X0Y86          FDRE (Prop_fdre_C_Q)         0.456     5.779 r  _tick/_contador/counter_reg[5]/Q
                         net (fo=2, routed)           0.948     6.727    _tick/_contador/counter_reg[5]
    SLICE_X1Y87          LUT4 (Prop_lut4_I1_O)        0.124     6.851 f  _tick/_contador/counter[6]_i_7/O
                         net (fo=1, routed)           0.407     7.258    _tick/_contador/counter[6]_i_7_n_0
    SLICE_X1Y87          LUT6 (Prop_lut6_I5_O)        0.124     7.382 f  _tick/_contador/counter[6]_i_4/O
                         net (fo=1, routed)           0.433     7.815    _tick/_contador/counter[6]_i_4_n_0
    SLICE_X1Y87          LUT6 (Prop_lut6_I5_O)        0.124     7.939 r  _tick/_contador/counter[6]_i_1/O
                         net (fo=10, routed)          0.424     8.363    _tick/_contador/tick
    SLICE_X1Y86          LUT2 (Prop_lut2_I1_O)        0.124     8.487 r  _tick/_contador/counter[0]_i_1/O
                         net (fo=20, routed)          0.880     9.367    _tick/_contador/_rst
    SLICE_X0Y89          FDRE                                         r  _tick/_contador/counter_reg[18]/R
  -------------------------------------------------------------------    -------------------

                         (clock sys_clk_pin rise edge)
                                                     10.000    10.000 r  
    E3                                                0.000    10.000 r  clk (IN)
                         net (fo=0)                   0.000    10.000    clk
    E3                   IBUF (Prop_ibuf_I_O)         1.411    11.411 r  clk_IBUF_inst/O
                         net (fo=1, routed)           1.920    13.331    clk_IBUF
    BUFGCTRL_X0Y16       BUFG (Prop_bufg_I_O)         0.091    13.422 r  clk_IBUF_BUFG_inst/O
                         net (fo=59, routed)          1.603    15.026    _tick/_contador/CLK
    SLICE_X0Y89          FDRE                                         r  _tick/_contador/counter_reg[18]/C
                         clock pessimism              0.275    15.301    
                         clock uncertainty           -0.035    15.265    
    SLICE_X0Y89          FDRE (Setup_fdre_C_R)       -0.429    14.836    _tick/_contador/counter_reg[18]
  -------------------------------------------------------------------
                         required time                         14.836    
                         arrival time                          -9.367    
  -------------------------------------------------------------------
                         slack                                  5.470    

Slack (MET) :             5.470ns  (required time - arrival time)
  Source:                 _tick/_contador/counter_reg[5]/C
                            (rising edge-triggered cell FDRE clocked by sys_clk_pin  {rise@0.000ns fall@5.000ns period=10.000ns})
  Destination:            _tick/_contador/counter_reg[19]/R
                            (rising edge-triggered cell FDRE clocked by sys_clk_pin  {rise@0.000ns fall@5.000ns period=10.000ns})
  Path Group:             sys_clk_pin
  Path Type:              Setup (Max at Slow Process Corner)
  Requirement:            10.000ns  (sys_clk_pin rise@10.000ns - sys_clk_pin rise@0.000ns)
  Data Path Delay:        4.044ns  (logic 0.952ns (23.541%)  route 3.092ns (76.459%))
  Logic Levels:           4  (LUT2=1 LUT4=1 LUT6=2)
  Clock Path Skew:        -0.022ns (DCD - SCD + CPR)
    Destination Clock Delay (DCD):    5.026ns = ( 15.026 - 10.000 ) 
    Source Clock Delay      (SCD):    5.323ns
    Clock Pessimism Removal (CPR):    0.275ns
  Clock Uncertainty:      0.035ns  ((TSJ^2 + TIJ^2)^1/2 + DJ) / 2 + PE
    Total System Jitter     (TSJ):    0.071ns
    Total Input Jitter      (TIJ):    0.000ns
    Discrete Jitter          (DJ):    0.000ns
    Phase Error              (PE):    0.000ns

    Location             Delay type                Incr(ns)  Path(ns)    Netlist Resource(s)
  -------------------------------------------------------------------    -------------------
                         (clock sys_clk_pin rise edge)
                                                      0.000     0.000 r  
    E3                                                0.000     0.000 r  clk (IN)
                         net (fo=0)                   0.000     0.000    clk
    E3                   IBUF (Prop_ibuf_I_O)         1.482     1.482 r  clk_IBUF_inst/O
                         net (fo=1, routed)           2.025     3.506    clk_IBUF
    BUFGCTRL_X0Y16       BUFG (Prop_bufg_I_O)         0.096     3.602 r  clk_IBUF_BUFG_inst/O
                         net (fo=59, routed)          1.720     5.323    _tick/_contador/CLK
    SLICE_X0Y86          FDRE                                         r  _tick/_contador/counter_reg[5]/C
  -------------------------------------------------------------------    -------------------
    SLICE_X0Y86          FDRE (Prop_fdre_C_Q)         0.456     5.779 r  _tick/_contador/counter_reg[5]/Q
                         net (fo=2, routed)           0.948     6.727    _tick/_contador/counter_reg[5]
    SLICE_X1Y87          LUT4 (Prop_lut4_I1_O)        0.124     6.851 f  _tick/_contador/counter[6]_i_7/O
                         net (fo=1, routed)           0.407     7.258    _tick/_contador/counter[6]_i_7_n_0
    SLICE_X1Y87          LUT6 (Prop_lut6_I5_O)        0.124     7.382 f  _tick/_contador/counter[6]_i_4/O
                         net (fo=1, routed)           0.433     7.815    _tick/_contador/counter[6]_i_4_n_0
    SLICE_X1Y87          LUT6 (Prop_lut6_I5_O)        0.124     7.939 r  _tick/_contador/counter[6]_i_1/O
                         net (fo=10, routed)          0.424     8.363    _tick/_contador/tick
    SLICE_X1Y86          LUT2 (Prop_lut2_I1_O)        0.124     8.487 r  _tick/_contador/counter[0]_i_1/O
                         net (fo=20, routed)          0.880     9.367    _tick/_contador/_rst
    SLICE_X0Y89          FDRE                                         r  _tick/_contador/counter_reg[19]/R
  -------------------------------------------------------------------    -------------------

                         (clock sys_clk_pin rise edge)
                                                     10.000    10.000 r  
    E3                                                0.000    10.000 r  clk (IN)
                         net (fo=0)                   0.000    10.000    clk
    E3                   IBUF (Prop_ibuf_I_O)         1.411    11.411 r  clk_IBUF_inst/O
                         net (fo=1, routed)           1.920    13.331    clk_IBUF
    BUFGCTRL_X0Y16       BUFG (Prop_bufg_I_O)         0.091    13.422 r  clk_IBUF_BUFG_inst/O
                         net (fo=59, routed)          1.603    15.026    _tick/_contador/CLK
    SLICE_X0Y89          FDRE                                         r  _tick/_contador/counter_reg[19]/C
                         clock pessimism              0.275    15.301    
                         clock uncertainty           -0.035    15.265    
    SLICE_X0Y89          FDRE (Setup_fdre_C_R)       -0.429    14.836    _tick/_contador/counter_reg[19]
  -------------------------------------------------------------------
                         required time                         14.836    
                         arrival time                          -9.367    
  -------------------------------------------------------------------
                         slack                                  5.470    

Slack (MET) :             5.607ns  (required time - arrival time)
  Source:                 _tick/_contador/counter_reg[5]/C
                            (rising edge-triggered cell FDRE clocked by sys_clk_pin  {rise@0.000ns fall@5.000ns period=10.000ns})
  Destination:            _tick/_contador/counter_reg[12]/R
                            (rising edge-triggered cell FDRE clocked by sys_clk_pin  {rise@0.000ns fall@5.000ns period=10.000ns})
  Path Group:             sys_clk_pin
  Path Type:              Setup (Max at Slow Process Corner)
  Requirement:            10.000ns  (sys_clk_pin rise@10.000ns - sys_clk_pin rise@0.000ns)
  Data Path Delay:        3.906ns  (logic 0.952ns (24.375%)  route 2.954ns (75.625%))
  Logic Levels:           4  (LUT2=1 LUT4=1 LUT6=2)
  Clock Path Skew:        -0.023ns (DCD - SCD + CPR)
    Destination Clock Delay (DCD):    5.025ns = ( 15.025 - 10.000 ) 
    Source Clock Delay      (SCD):    5.323ns
    Clock Pessimism Removal (CPR):    0.275ns
  Clock Uncertainty:      0.035ns  ((TSJ^2 + TIJ^2)^1/2 + DJ) / 2 + PE
    Total System Jitter     (TSJ):    0.071ns
    Total Input Jitter      (TIJ):    0.000ns
    Discrete Jitter          (DJ):    0.000ns
    Phase Error              (PE):    0.000ns

    Location             Delay type                Incr(ns)  Path(ns)    Netlist Resource(s)
  -------------------------------------------------------------------    -------------------
                         (clock sys_clk_pin rise edge)
                                                      0.000     0.000 r  
    E3                                                0.000     0.000 r  clk (IN)
                         net (fo=0)                   0.000     0.000    clk
    E3                   IBUF (Prop_ibuf_I_O)         1.482     1.482 r  clk_IBUF_inst/O
                         net (fo=1, routed)           2.025     3.506    clk_IBUF
    BUFGCTRL_X0Y16       BUFG (Prop_bufg_I_O)         0.096     3.602 r  clk_IBUF_BUFG_inst/O
                         net (fo=59, routed)          1.720     5.323    _tick/_contador/CLK
    SLICE_X0Y86          FDRE                                         r  _tick/_contador/counter_reg[5]/C
  -------------------------------------------------------------------    -------------------
    SLICE_X0Y86          FDRE (Prop_fdre_C_Q)         0.456     5.779 r  _tick/_contador/counter_reg[5]/Q
                         net (fo=2, routed)           0.948     6.727    _tick/_contador/counter_reg[5]
    SLICE_X1Y87          LUT4 (Prop_lut4_I1_O)        0.124     6.851 f  _tick/_contador/counter[6]_i_7/O
                         net (fo=1, routed)           0.407     7.258    _tick/_contador/counter[6]_i_7_n_0
    SLICE_X1Y87          LUT6 (Prop_lut6_I5_O)        0.124     7.382 f  _tick/_contador/counter[6]_i_4/O
                         net (fo=1, routed)           0.433     7.815    _tick/_contador/counter[6]_i_4_n_0
    SLICE_X1Y87          LUT6 (Prop_lut6_I5_O)        0.124     7.939 r  _tick/_contador/counter[6]_i_1/O
                         net (fo=10, routed)          0.424     8.363    _tick/_contador/tick
    SLICE_X1Y86          LUT2 (Prop_lut2_I1_O)        0.124     8.487 r  _tick/_contador/counter[0]_i_1/O
                         net (fo=20, routed)          0.742     9.228    _tick/_contador/_rst
    SLICE_X0Y88          FDRE                                         r  _tick/_contador/counter_reg[12]/R
  -------------------------------------------------------------------    -------------------

                         (clock sys_clk_pin rise edge)
                                                     10.000    10.000 r  
    E3                                                0.000    10.000 r  clk (IN)
                         net (fo=0)                   0.000    10.000    clk
    E3                   IBUF (Prop_ibuf_I_O)         1.411    11.411 r  clk_IBUF_inst/O
                         net (fo=1, routed)           1.920    13.331    clk_IBUF
    BUFGCTRL_X0Y16       BUFG (Prop_bufg_I_O)         0.091    13.422 r  clk_IBUF_BUFG_inst/O
                         net (fo=59, routed)          1.602    15.025    _tick/_contador/CLK
    SLICE_X0Y88          FDRE                                         r  _tick/_contador/counter_reg[12]/C
                         clock pessimism              0.275    15.300    
                         clock uncertainty           -0.035    15.264    
    SLICE_X0Y88          FDRE (Setup_fdre_C_R)       -0.429    14.835    _tick/_contador/counter_reg[12]
  -------------------------------------------------------------------
                         required time                         14.835    
                         arrival time                          -9.228    
  -------------------------------------------------------------------
                         slack                                  5.607    

Slack (MET) :             5.607ns  (required time - arrival time)
  Source:                 _tick/_contador/counter_reg[5]/C
                            (rising edge-triggered cell FDRE clocked by sys_clk_pin  {rise@0.000ns fall@5.000ns period=10.000ns})
  Destination:            _tick/_contador/counter_reg[13]/R
                            (rising edge-triggered cell FDRE clocked by sys_clk_pin  {rise@0.000ns fall@5.000ns period=10.000ns})
  Path Group:             sys_clk_pin
  Path Type:              Setup (Max at Slow Process Corner)
  Requirement:            10.000ns  (sys_clk_pin rise@10.000ns - sys_clk_pin rise@0.000ns)
  Data Path Delay:        3.906ns  (logic 0.952ns (24.375%)  route 2.954ns (75.625%))
  Logic Levels:           4  (LUT2=1 LUT4=1 LUT6=2)
  Clock Path Skew:        -0.023ns (DCD - SCD + CPR)
    Destination Clock Delay (DCD):    5.025ns = ( 15.025 - 10.000 ) 
    Source Clock Delay      (SCD):    5.323ns
    Clock Pessimism Removal (CPR):    0.275ns
  Clock Uncertainty:      0.035ns  ((TSJ^2 + TIJ^2)^1/2 + DJ) / 2 + PE
    Total System Jitter     (TSJ):    0.071ns
    Total Input Jitter      (TIJ):    0.000ns
    Discrete Jitter          (DJ):    0.000ns
    Phase Error              (PE):    0.000ns

    Location             Delay type                Incr(ns)  Path(ns)    Netlist Resource(s)
  -------------------------------------------------------------------    -------------------
                         (clock sys_clk_pin rise edge)
                                                      0.000     0.000 r  
    E3                                                0.000     0.000 r  clk (IN)
                         net (fo=0)                   0.000     0.000    clk
    E3                   IBUF (Prop_ibuf_I_O)         1.482     1.482 r  clk_IBUF_inst/O
                         net (fo=1, routed)           2.025     3.506    clk_IBUF
    BUFGCTRL_X0Y16       BUFG (Prop_bufg_I_O)         0.096     3.602 r  clk_IBUF_BUFG_inst/O
                         net (fo=59, routed)          1.720     5.323    _tick/_contador/CLK
    SLICE_X0Y86          FDRE                                         r  _tick/_contador/counter_reg[5]/C
  -------------------------------------------------------------------    -------------------
    SLICE_X0Y86          FDRE (Prop_fdre_C_Q)         0.456     5.779 r  _tick/_contador/counter_reg[5]/Q
                         net (fo=2, routed)           0.948     6.727    _tick/_contador/counter_reg[5]
    SLICE_X1Y87          LUT4 (Prop_lut4_I1_O)        0.124     6.851 f  _tick/_contador/counter[6]_i_7/O
                         net (fo=1, routed)           0.407     7.258    _tick/_contador/counter[6]_i_7_n_0
    SLICE_X1Y87          LUT6 (Prop_lut6_I5_O)        0.124     7.382 f  _tick/_contador/counter[6]_i_4/O
                         net (fo=1, routed)           0.433     7.815    _tick/_contador/counter[6]_i_4_n_0
    SLICE_X1Y87          LUT6 (Prop_lut6_I5_O)        0.124     7.939 r  _tick/_contador/counter[6]_i_1/O
                         net (fo=10, routed)          0.424     8.363    _tick/_contador/tick
    SLICE_X1Y86          LUT2 (Prop_lut2_I1_O)        0.124     8.487 r  _tick/_contador/counter[0]_i_1/O
                         net (fo=20, routed)          0.742     9.228    _tick/_contador/_rst
    SLICE_X0Y88          FDRE                                         r  _tick/_contador/counter_reg[13]/R
  -------------------------------------------------------------------    -------------------

                         (clock sys_clk_pin rise edge)
                                                     10.000    10.000 r  
    E3                                                0.000    10.000 r  clk (IN)
                         net (fo=0)                   0.000    10.000    clk
    E3                   IBUF (Prop_ibuf_I_O)         1.411    11.411 r  clk_IBUF_inst/O
                         net (fo=1, routed)           1.920    13.331    clk_IBUF
    BUFGCTRL_X0Y16       BUFG (Prop_bufg_I_O)         0.091    13.422 r  clk_IBUF_BUFG_inst/O
                         net (fo=59, routed)          1.602    15.025    _tick/_contador/CLK
    SLICE_X0Y88          FDRE                                         r  _tick/_contador/counter_reg[13]/C
                         clock pessimism              0.275    15.300    
                         clock uncertainty           -0.035    15.264    
    SLICE_X0Y88          FDRE (Setup_fdre_C_R)       -0.429    14.835    _tick/_contador/counter_reg[13]
  -------------------------------------------------------------------
                         required time                         14.835    
                         arrival time                          -9.228    
  -------------------------------------------------------------------
                         slack                                  5.607    

Slack (MET) :             5.607ns  (required time - arrival time)
  Source:                 _tick/_contador/counter_reg[5]/C
                            (rising edge-triggered cell FDRE clocked by sys_clk_pin  {rise@0.000ns fall@5.000ns period=10.000ns})
  Destination:            _tick/_contador/counter_reg[14]/R
                            (rising edge-triggered cell FDRE clocked by sys_clk_pin  {rise@0.000ns fall@5.000ns period=10.000ns})
  Path Group:             sys_clk_pin
  Path Type:              Setup (Max at Slow Process Corner)
  Requirement:            10.000ns  (sys_clk_pin rise@10.000ns - sys_clk_pin rise@0.000ns)
  Data Path Delay:        3.906ns  (logic 0.952ns (24.375%)  route 2.954ns (75.625%))
  Logic Levels:           4  (LUT2=1 LUT4=1 LUT6=2)
  Clock Path Skew:        -0.023ns (DCD - SCD + CPR)
    Destination Clock Delay (DCD):    5.025ns = ( 15.025 - 10.000 ) 
    Source Clock Delay      (SCD):    5.323ns
    Clock Pessimism Removal (CPR):    0.275ns
  Clock Uncertainty:      0.035ns  ((TSJ^2 + TIJ^2)^1/2 + DJ) / 2 + PE
    Total System Jitter     (TSJ):    0.071ns
    Total Input Jitter      (TIJ):    0.000ns
    Discrete Jitter          (DJ):    0.000ns
    Phase Error              (PE):    0.000ns

    Location             Delay type                Incr(ns)  Path(ns)    Netlist Resource(s)
  -------------------------------------------------------------------    -------------------
                         (clock sys_clk_pin rise edge)
                                                      0.000     0.000 r  
    E3                                                0.000     0.000 r  clk (IN)
                         net (fo=0)                   0.000     0.000    clk
    E3                   IBUF (Prop_ibuf_I_O)         1.482     1.482 r  clk_IBUF_inst/O
                         net (fo=1, routed)           2.025     3.506    clk_IBUF
    BUFGCTRL_X0Y16       BUFG (Prop_bufg_I_O)         0.096     3.602 r  clk_IBUF_BUFG_inst/O
                         net (fo=59, routed)          1.720     5.323    _tick/_contador/CLK
    SLICE_X0Y86          FDRE                                         r  _tick/_contador/counter_reg[5]/C
  -------------------------------------------------------------------    -------------------
    SLICE_X0Y86          FDRE (Prop_fdre_C_Q)         0.456     5.779 r  _tick/_contador/counter_reg[5]/Q
                         net (fo=2, routed)           0.948     6.727    _tick/_contador/counter_reg[5]
    SLICE_X1Y87          LUT4 (Prop_lut4_I1_O)        0.124     6.851 f  _tick/_contador/counter[6]_i_7/O
                         net (fo=1, routed)           0.407     7.258    _tick/_contador/counter[6]_i_7_n_0
    SLICE_X1Y87          LUT6 (Prop_lut6_I5_O)        0.124     7.382 f  _tick/_contador/counter[6]_i_4/O
                         net (fo=1, routed)           0.433     7.815    _tick/_contador/counter[6]_i_4_n_0
    SLICE_X1Y87          LUT6 (Prop_lut6_I5_O)        0.124     7.939 r  _tick/_contador/counter[6]_i_1/O
                         net (fo=10, routed)          0.424     8.363    _tick/_contador/tick
    SLICE_X1Y86          LUT2 (Prop_lut2_I1_O)        0.124     8.487 r  _tick/_contador/counter[0]_i_1/O
                         net (fo=20, routed)          0.742     9.228    _tick/_contador/_rst
    SLICE_X0Y88          FDRE                                         r  _tick/_contador/counter_reg[14]/R
  -------------------------------------------------------------------    -------------------

                         (clock sys_clk_pin rise edge)
                                                     10.000    10.000 r  
    E3                                                0.000    10.000 r  clk (IN)
                         net (fo=0)                   0.000    10.000    clk
    E3                   IBUF (Prop_ibuf_I_O)         1.411    11.411 r  clk_IBUF_inst/O
                         net (fo=1, routed)           1.920    13.331    clk_IBUF
    BUFGCTRL_X0Y16       BUFG (Prop_bufg_I_O)         0.091    13.422 r  clk_IBUF_BUFG_inst/O
                         net (fo=59, routed)          1.602    15.025    _tick/_contador/CLK
    SLICE_X0Y88          FDRE                                         r  _tick/_contador/counter_reg[14]/C
                         clock pessimism              0.275    15.300    
                         clock uncertainty           -0.035    15.264    
    SLICE_X0Y88          FDRE (Setup_fdre_C_R)       -0.429    14.835    _tick/_contador/counter_reg[14]
  -------------------------------------------------------------------
                         required time                         14.835    
                         arrival time                          -9.228    
  -------------------------------------------------------------------
                         slack                                  5.607    

Slack (MET) :             5.607ns  (required time - arrival time)
  Source:                 _tick/_contador/counter_reg[5]/C
                            (rising edge-triggered cell FDRE clocked by sys_clk_pin  {rise@0.000ns fall@5.000ns period=10.000ns})
  Destination:            _tick/_contador/counter_reg[15]/R
                            (rising edge-triggered cell FDRE clocked by sys_clk_pin  {rise@0.000ns fall@5.000ns period=10.000ns})
  Path Group:             sys_clk_pin
  Path Type:              Setup (Max at Slow Process Corner)
  Requirement:            10.000ns  (sys_clk_pin rise@10.000ns - sys_clk_pin rise@0.000ns)
  Data Path Delay:        3.906ns  (logic 0.952ns (24.375%)  route 2.954ns (75.625%))
  Logic Levels:           4  (LUT2=1 LUT4=1 LUT6=2)
  Clock Path Skew:        -0.023ns (DCD - SCD + CPR)
    Destination Clock Delay (DCD):    5.025ns = ( 15.025 - 10.000 ) 
    Source Clock Delay      (SCD):    5.323ns
    Clock Pessimism Removal (CPR):    0.275ns
  Clock Uncertainty:      0.035ns  ((TSJ^2 + TIJ^2)^1/2 + DJ) / 2 + PE
    Total System Jitter     (TSJ):    0.071ns
    Total Input Jitter      (TIJ):    0.000ns
    Discrete Jitter          (DJ):    0.000ns
    Phase Error              (PE):    0.000ns

    Location             Delay type                Incr(ns)  Path(ns)    Netlist Resource(s)
  -------------------------------------------------------------------    -------------------
                         (clock sys_clk_pin rise edge)
                                                      0.000     0.000 r  
    E3                                                0.000     0.000 r  clk (IN)
                         net (fo=0)                   0.000     0.000    clk
    E3                   IBUF (Prop_ibuf_I_O)         1.482     1.482 r  clk_IBUF_inst/O
                         net (fo=1, routed)           2.025     3.506    clk_IBUF
    BUFGCTRL_X0Y16       BUFG (Prop_bufg_I_O)         0.096     3.602 r  clk_IBUF_BUFG_inst/O
                         net (fo=59, routed)          1.720     5.323    _tick/_contador/CLK
    SLICE_X0Y86          FDRE                                         r  _tick/_contador/counter_reg[5]/C
  -------------------------------------------------------------------    -------------------
    SLICE_X0Y86          FDRE (Prop_fdre_C_Q)         0.456     5.779 r  _tick/_contador/counter_reg[5]/Q
                         net (fo=2, routed)           0.948     6.727    _tick/_contador/counter_reg[5]
    SLICE_X1Y87          LUT4 (Prop_lut4_I1_O)        0.124     6.851 f  _tick/_contador/counter[6]_i_7/O
                         net (fo=1, routed)           0.407     7.258    _tick/_contador/counter[6]_i_7_n_0
    SLICE_X1Y87          LUT6 (Prop_lut6_I5_O)        0.124     7.382 f  _tick/_contador/counter[6]_i_4/O
                         net (fo=1, routed)           0.433     7.815    _tick/_contador/counter[6]_i_4_n_0
    SLICE_X1Y87          LUT6 (Prop_lut6_I5_O)        0.124     7.939 r  _tick/_contador/counter[6]_i_1/O
                         net (fo=10, routed)          0.424     8.363    _tick/_contador/tick
    SLICE_X1Y86          LUT2 (Prop_lut2_I1_O)        0.124     8.487 r  _tick/_contador/counter[0]_i_1/O
                         net (fo=20, routed)          0.742     9.228    _tick/_contador/_rst
    SLICE_X0Y88          FDRE                                         r  _tick/_contador/counter_reg[15]/R
  -------------------------------------------------------------------    -------------------

                         (clock sys_clk_pin rise edge)
                                                     10.000    10.000 r  
    E3                                                0.000    10.000 r  clk (IN)
                         net (fo=0)                   0.000    10.000    clk
    E3                   IBUF (Prop_ibuf_I_O)         1.411    11.411 r  clk_IBUF_inst/O
                         net (fo=1, routed)           1.920    13.331    clk_IBUF
    BUFGCTRL_X0Y16       BUFG (Prop_bufg_I_O)         0.091    13.422 r  clk_IBUF_BUFG_inst/O
                         net (fo=59, routed)          1.602    15.025    _tick/_contador/CLK
    SLICE_X0Y88          FDRE                                         r  _tick/_contador/counter_reg[15]/C
                         clock pessimism              0.275    15.300    
                         clock uncertainty           -0.035    15.264    
    SLICE_X0Y88          FDRE (Setup_fdre_C_R)       -0.429    14.835    _tick/_contador/counter_reg[15]
  -------------------------------------------------------------------
                         required time                         14.835    
                         arrival time                          -9.228    
  -------------------------------------------------------------------
                         slack                                  5.607    

Slack (MET) :             5.621ns  (required time - arrival time)
  Source:                 _tick/_contador/counter_reg[5]/C
                            (rising edge-triggered cell FDRE clocked by sys_clk_pin  {rise@0.000ns fall@5.000ns period=10.000ns})
  Destination:            _segundos/counter_reg[2]/CE
                            (rising edge-triggered cell FDRE clocked by sys_clk_pin  {rise@0.000ns fall@5.000ns period=10.000ns})
  Path Group:             sys_clk_pin
  Path Type:              Setup (Max at Slow Process Corner)
  Requirement:            10.000ns  (sys_clk_pin rise@10.000ns - sys_clk_pin rise@0.000ns)
  Data Path Delay:        3.895ns  (logic 0.946ns (24.285%)  route 2.949ns (75.715%))
  Logic Levels:           4  (LUT3=1 LUT4=1 LUT6=2)
  Clock Path Skew:        -0.041ns (DCD - SCD + CPR)
    Destination Clock Delay (DCD):    5.023ns = ( 15.023 - 10.000 ) 
    Source Clock Delay      (SCD):    5.323ns
    Clock Pessimism Removal (CPR):    0.259ns
  Clock Uncertainty:      0.035ns  ((TSJ^2 + TIJ^2)^1/2 + DJ) / 2 + PE
    Total System Jitter     (TSJ):    0.071ns
    Total Input Jitter      (TIJ):    0.000ns
    Discrete Jitter          (DJ):    0.000ns
    Phase Error              (PE):    0.000ns

    Location             Delay type                Incr(ns)  Path(ns)    Netlist Resource(s)
  -------------------------------------------------------------------    -------------------
                         (clock sys_clk_pin rise edge)
                                                      0.000     0.000 r  
    E3                                                0.000     0.000 r  clk (IN)
                         net (fo=0)                   0.000     0.000    clk
    E3                   IBUF (Prop_ibuf_I_O)         1.482     1.482 r  clk_IBUF_inst/O
                         net (fo=1, routed)           2.025     3.506    clk_IBUF
    BUFGCTRL_X0Y16       BUFG (Prop_bufg_I_O)         0.096     3.602 r  clk_IBUF_BUFG_inst/O
                         net (fo=59, routed)          1.720     5.323    _tick/_contador/CLK
    SLICE_X0Y86          FDRE                                         r  _tick/_contador/counter_reg[5]/C
  -------------------------------------------------------------------    -------------------
    SLICE_X0Y86          FDRE (Prop_fdre_C_Q)         0.456     5.779 r  _tick/_contador/counter_reg[5]/Q
                         net (fo=2, routed)           0.948     6.727    _tick/_contador/counter_reg[5]
    SLICE_X1Y87          LUT4 (Prop_lut4_I1_O)        0.124     6.851 f  _tick/_contador/counter[6]_i_7/O
                         net (fo=1, routed)           0.407     7.258    _tick/_contador/counter[6]_i_7_n_0
    SLICE_X1Y87          LUT6 (Prop_lut6_I5_O)        0.124     7.382 f  _tick/_contador/counter[6]_i_4/O
                         net (fo=1, routed)           0.433     7.815    _tick/_contador/counter[6]_i_4_n_0
    SLICE_X1Y87          LUT6 (Prop_lut6_I5_O)        0.124     7.939 r  _tick/_contador/counter[6]_i_1/O
                         net (fo=10, routed)          0.574     8.513    _centesimas/tick
    SLICE_X5Y88          LUT3 (Prop_lut3_I0_O)        0.118     8.631 r  _centesimas/counter[5]_i_1__0/O
                         net (fo=6, routed)           0.588     9.218    _segundos/E[0]
    SLICE_X5Y88          FDRE                                         r  _segundos/counter_reg[2]/CE
  -------------------------------------------------------------------    -------------------

                         (clock sys_clk_pin rise edge)
                                                     10.000    10.000 r  
    E3                                                0.000    10.000 r  clk (IN)
                         net (fo=0)                   0.000    10.000    clk
    E3                   IBUF (Prop_ibuf_I_O)         1.411    11.411 r  clk_IBUF_inst/O
                         net (fo=1, routed)           1.920    13.331    clk_IBUF
    BUFGCTRL_X0Y16       BUFG (Prop_bufg_I_O)         0.091    13.422 r  clk_IBUF_BUFG_inst/O
                         net (fo=59, routed)          1.600    15.023    _segundos/CLK
    SLICE_X5Y88          FDRE                                         r  _segundos/counter_reg[2]/C
                         clock pessimism              0.259    15.282    
                         clock uncertainty           -0.035    15.246    
    SLICE_X5Y88          FDRE (Setup_fdre_C_CE)      -0.407    14.839    _segundos/counter_reg[2]
  -------------------------------------------------------------------
                         required time                         14.839    
                         arrival time                          -9.218    
  -------------------------------------------------------------------
                         slack                                  5.621    

Slack (MET) :             5.622ns  (required time - arrival time)
  Source:                 _tick/_contador/counter_reg[5]/C
                            (rising edge-triggered cell FDRE clocked by sys_clk_pin  {rise@0.000ns fall@5.000ns period=10.000ns})
  Destination:            _tick/_contador/counter_reg[0]/R
                            (rising edge-triggered cell FDRE clocked by sys_clk_pin  {rise@0.000ns fall@5.000ns period=10.000ns})
  Path Group:             sys_clk_pin
  Path Type:              Setup (Max at Slow Process Corner)
  Requirement:            10.000ns  (sys_clk_pin rise@10.000ns - sys_clk_pin rise@0.000ns)
  Data Path Delay:        3.889ns  (logic 0.952ns (24.482%)  route 2.937ns (75.518%))
  Logic Levels:           4  (LUT2=1 LUT4=1 LUT6=2)
  Clock Path Skew:        -0.025ns (DCD - SCD + CPR)
    Destination Clock Delay (DCD):    5.023ns = ( 15.023 - 10.000 ) 
    Source Clock Delay      (SCD):    5.323ns
    Clock Pessimism Removal (CPR):    0.275ns
  Clock Uncertainty:      0.035ns  ((TSJ^2 + TIJ^2)^1/2 + DJ) / 2 + PE
    Total System Jitter     (TSJ):    0.071ns
    Total Input Jitter      (TIJ):    0.000ns
    Discrete Jitter          (DJ):    0.000ns
    Phase Error              (PE):    0.000ns

    Location             Delay type                Incr(ns)  Path(ns)    Netlist Resource(s)
  -------------------------------------------------------------------    -------------------
                         (clock sys_clk_pin rise edge)
                                                      0.000     0.000 r  
    E3                                                0.000     0.000 r  clk (IN)
                         net (fo=0)                   0.000     0.000    clk
    E3                   IBUF (Prop_ibuf_I_O)         1.482     1.482 r  clk_IBUF_inst/O
                         net (fo=1, routed)           2.025     3.506    clk_IBUF
    BUFGCTRL_X0Y16       BUFG (Prop_bufg_I_O)         0.096     3.602 r  clk_IBUF_BUFG_inst/O
                         net (fo=59, routed)          1.720     5.323    _tick/_contador/CLK
    SLICE_X0Y86          FDRE                                         r  _tick/_contador/counter_reg[5]/C
  -------------------------------------------------------------------    -------------------
    SLICE_X0Y86          FDRE (Prop_fdre_C_Q)         0.456     5.779 r  _tick/_contador/counter_reg[5]/Q
                         net (fo=2, routed)           0.948     6.727    _tick/_contador/counter_reg[5]
    SLICE_X1Y87          LUT4 (Prop_lut4_I1_O)        0.124     6.851 f  _tick/_contador/counter[6]_i_7/O
                         net (fo=1, routed)           0.407     7.258    _tick/_contador/counter[6]_i_7_n_0
    SLICE_X1Y87          LUT6 (Prop_lut6_I5_O)        0.124     7.382 f  _tick/_contador/counter[6]_i_4/O
                         net (fo=1, routed)           0.433     7.815    _tick/_contador/counter[6]_i_4_n_0
    SLICE_X1Y87          LUT6 (Prop_lut6_I5_O)        0.124     7.939 r  _tick/_contador/counter[6]_i_1/O
                         net (fo=10, routed)          0.424     8.363    _tick/_contador/tick
    SLICE_X1Y86          LUT2 (Prop_lut2_I1_O)        0.124     8.487 r  _tick/_contador/counter[0]_i_1/O
                         net (fo=20, routed)          0.725     9.211    _tick/_contador/_rst
    SLICE_X0Y85          FDRE                                         r  _tick/_contador/counter_reg[0]/R
  -------------------------------------------------------------------    -------------------

                         (clock sys_clk_pin rise edge)
                                                     10.000    10.000 r  
    E3                                                0.000    10.000 r  clk (IN)
                         net (fo=0)                   0.000    10.000    clk
    E3                   IBUF (Prop_ibuf_I_O)         1.411    11.411 r  clk_IBUF_inst/O
                         net (fo=1, routed)           1.920    13.331    clk_IBUF
    BUFGCTRL_X0Y16       BUFG (Prop_bufg_I_O)         0.091    13.422 r  clk_IBUF_BUFG_inst/O
                         net (fo=59, routed)          1.600    15.023    _tick/_contador/CLK
    SLICE_X0Y85          FDRE                                         r  _tick/_contador/counter_reg[0]/C
                         clock pessimism              0.275    15.298    
                         clock uncertainty           -0.035    15.262    
    SLICE_X0Y85          FDRE (Setup_fdre_C_R)       -0.429    14.833    _tick/_contador/counter_reg[0]
  -------------------------------------------------------------------
                         required time                         14.833    
                         arrival time                          -9.211    
  -------------------------------------------------------------------
                         slack                                  5.622    





Min Delay Paths
--------------------------------------------------------------------------------------
Slack (MET) :             0.163ns  (arrival time - required time)
  Source:                 _minutos/counter_reg[3]/C
                            (rising edge-triggered cell FDRE clocked by sys_clk_pin  {rise@0.000ns fall@5.000ns period=10.000ns})
  Destination:            _minutos/counter_reg[2]/D
                            (rising edge-triggered cell FDRE clocked by sys_clk_pin  {rise@0.000ns fall@5.000ns period=10.000ns})
  Path Group:             sys_clk_pin
  Path Type:              Hold (Min at Fast Process Corner)
  Requirement:            0.000ns  (sys_clk_pin rise@0.000ns - sys_clk_pin rise@0.000ns)
  Data Path Delay:        0.297ns  (logic 0.186ns (62.699%)  route 0.111ns (37.301%))
  Logic Levels:           1  (LUT6=1)
  Clock Path Skew:        0.013ns (DCD - SCD - CPR)
    Destination Clock Delay (DCD):    2.035ns
    Source Clock Delay      (SCD):    1.519ns
    Clock Pessimism Removal (CPR):    0.502ns

    Location             Delay type                Incr(ns)  Path(ns)    Netlist Resource(s)
  -------------------------------------------------------------------    -------------------
                         (clock sys_clk_pin rise edge)
                                                      0.000     0.000 r  
    E3                                                0.000     0.000 r  clk (IN)
                         net (fo=0)                   0.000     0.000    clk
    E3                   IBUF (Prop_ibuf_I_O)         0.250     0.250 r  clk_IBUF_inst/O
                         net (fo=1, routed)           0.644     0.894    clk_IBUF
    BUFGCTRL_X0Y16       BUFG (Prop_bufg_I_O)         0.026     0.920 r  clk_IBUF_BUFG_inst/O
                         net (fo=59, routed)          0.600     1.519    _minutos/CLK
    SLICE_X7Y87          FDRE                                         r  _minutos/counter_reg[3]/C
  -------------------------------------------------------------------    -------------------
    SLICE_X7Y87          FDRE (Prop_fdre_C_Q)         0.141     1.660 f  _minutos/counter_reg[3]/Q
                         net (fo=8, routed)           0.111     1.771    _minutos/minutos[3]
    SLICE_X6Y87          LUT6 (Prop_lut6_I1_O)        0.045     1.816 r  _minutos/counter[2]_i_1__1/O
                         net (fo=1, routed)           0.000     1.816    _minutos/counter_next[2]
    SLICE_X6Y87          FDRE                                         r  _minutos/counter_reg[2]/D
  -------------------------------------------------------------------    -------------------

                         (clock sys_clk_pin rise edge)
                                                      0.000     0.000 r  
    E3                                                0.000     0.000 r  clk (IN)
                         net (fo=0)                   0.000     0.000    clk
    E3                   IBUF (Prop_ibuf_I_O)         0.438     0.438 r  clk_IBUF_inst/O
                         net (fo=1, routed)           0.699     1.136    clk_IBUF
    BUFGCTRL_X0Y16       BUFG (Prop_bufg_I_O)         0.029     1.165 r  clk_IBUF_BUFG_inst/O
                         net (fo=59, routed)          0.870     2.035    _minutos/CLK
    SLICE_X6Y87          FDRE                                         r  _minutos/counter_reg[2]/C
                         clock pessimism             -0.502     1.532    
    SLICE_X6Y87          FDRE (Hold_fdre_C_D)         0.121     1.653    _minutos/counter_reg[2]
  -------------------------------------------------------------------
                         required time                         -1.653    
                         arrival time                           1.816    
  -------------------------------------------------------------------
                         slack                                  0.163    

Slack (MET) :             0.177ns  (arrival time - required time)
  Source:                 _minutos/counter_reg[2]/C
                            (rising edge-triggered cell FDRE clocked by sys_clk_pin  {rise@0.000ns fall@5.000ns period=10.000ns})
  Destination:            _minutos/counter_reg[3]/D
                            (rising edge-triggered cell FDRE clocked by sys_clk_pin  {rise@0.000ns fall@5.000ns period=10.000ns})
  Path Group:             sys_clk_pin
  Path Type:              Hold (Min at Fast Process Corner)
  Requirement:            0.000ns  (sys_clk_pin rise@0.000ns - sys_clk_pin rise@0.000ns)
  Data Path Delay:        0.282ns  (logic 0.209ns (74.078%)  route 0.073ns (25.922%))
  Logic Levels:           1  (LUT6=1)
  Clock Path Skew:        0.013ns (DCD - SCD - CPR)
    Destination Clock Delay (DCD):    2.035ns
    Source Clock Delay      (SCD):    1.519ns
    Clock Pessimism Removal (CPR):    0.502ns

    Location             Delay type                Incr(ns)  Path(ns)    Netlist Resource(s)
  -------------------------------------------------------------------    -------------------
                         (clock sys_clk_pin rise edge)
                                                      0.000     0.000 r  
    E3                                                0.000     0.000 r  clk (IN)
                         net (fo=0)                   0.000     0.000    clk
    E3                   IBUF (Prop_ibuf_I_O)         0.250     0.250 r  clk_IBUF_inst/O
                         net (fo=1, routed)           0.644     0.894    clk_IBUF
    BUFGCTRL_X0Y16       BUFG (Prop_bufg_I_O)         0.026     0.920 r  clk_IBUF_BUFG_inst/O
                         net (fo=59, routed)          0.600     1.519    _minutos/CLK
    SLICE_X6Y87          FDRE                                         r  _minutos/counter_reg[2]/C
  -------------------------------------------------------------------    -------------------
    SLICE_X6Y87          FDRE (Prop_fdre_C_Q)         0.164     1.683 r  _minutos/counter_reg[2]/Q
                         net (fo=8, routed)           0.073     1.756    _minutos/minutos[2]
    SLICE_X7Y87          LUT6 (Prop_lut6_I4_O)        0.045     1.801 r  _minutos/counter[3]_i_1__1/O
                         net (fo=1, routed)           0.000     1.801    _minutos/counter_next[3]
    SLICE_X7Y87          FDRE                                         r  _minutos/counter_reg[3]/D
  -------------------------------------------------------------------    -------------------

                         (clock sys_clk_pin rise edge)
                                                      0.000     0.000 r  
    E3                                                0.000     0.000 r  clk (IN)
                         net (fo=0)                   0.000     0.000    clk
    E3                   IBUF (Prop_ibuf_I_O)         0.438     0.438 r  clk_IBUF_inst/O
                         net (fo=1, routed)           0.699     1.136    clk_IBUF
    BUFGCTRL_X0Y16       BUFG (Prop_bufg_I_O)         0.029     1.165 r  clk_IBUF_BUFG_inst/O
                         net (fo=59, routed)          0.870     2.035    _minutos/CLK
    SLICE_X7Y87          FDRE                                         r  _minutos/counter_reg[3]/C
                         clock pessimism             -0.502     1.532    
    SLICE_X7Y87          FDRE (Hold_fdre_C_D)         0.092     1.624    _minutos/counter_reg[3]
  -------------------------------------------------------------------
                         required time                         -1.624    
                         arrival time                           1.801    
  -------------------------------------------------------------------
                         slack                                  0.177    

Slack (MET) :             0.189ns  (arrival time - required time)
  Source:                 _minutos/counter_reg[0]/C
                            (rising edge-triggered cell FDRE clocked by sys_clk_pin  {rise@0.000ns fall@5.000ns period=10.000ns})
  Destination:            _minutos/counter_reg[5]/D
                            (rising edge-triggered cell FDRE clocked by sys_clk_pin  {rise@0.000ns fall@5.000ns period=10.000ns})
  Path Group:             sys_clk_pin
  Path Type:              Hold (Min at Fast Process Corner)
  Requirement:            0.000ns  (sys_clk_pin rise@0.000ns - sys_clk_pin rise@0.000ns)
  Data Path Delay:        0.323ns  (logic 0.186ns (57.665%)  route 0.137ns (42.335%))
  Logic Levels:           1  (LUT6=1)
  Clock Path Skew:        0.013ns (DCD - SCD - CPR)
    Destination Clock Delay (DCD):    2.035ns
    Source Clock Delay      (SCD):    1.519ns
    Clock Pessimism Removal (CPR):    0.502ns

    Location             Delay type                Incr(ns)  Path(ns)    Netlist Resource(s)
  -------------------------------------------------------------------    -------------------
                         (clock sys_clk_pin rise edge)
                                                      0.000     0.000 r  
    E3                                                0.000     0.000 r  clk (IN)
                         net (fo=0)                   0.000     0.000    clk
    E3                   IBUF (Prop_ibuf_I_O)         0.250     0.250 r  clk_IBUF_inst/O
                         net (fo=1, routed)           0.644     0.894    clk_IBUF
    BUFGCTRL_X0Y16       BUFG (Prop_bufg_I_O)         0.026     0.920 r  clk_IBUF_BUFG_inst/O
                         net (fo=59, routed)          0.600     1.519    _minutos/CLK
    SLICE_X7Y87          FDRE                                         r  _minutos/counter_reg[0]/C
  -------------------------------------------------------------------    -------------------
    SLICE_X7Y87          FDRE (Prop_fdre_C_Q)         0.141     1.660 r  _minutos/counter_reg[0]/Q
                         net (fo=7, routed)           0.137     1.797    _minutos/Q[0]
    SLICE_X6Y87          LUT6 (Prop_lut6_I2_O)        0.045     1.842 r  _minutos/counter[5]_i_2__0/O
                         net (fo=1, routed)           0.000     1.842    _minutos/counter_next[5]
    SLICE_X6Y87          FDRE                                         r  _minutos/counter_reg[5]/D
  -------------------------------------------------------------------    -------------------

                         (clock sys_clk_pin rise edge)
                                                      0.000     0.000 r  
    E3                                                0.000     0.000 r  clk (IN)
                         net (fo=0)                   0.000     0.000    clk
    E3                   IBUF (Prop_ibuf_I_O)         0.438     0.438 r  clk_IBUF_inst/O
                         net (fo=1, routed)           0.699     1.136    clk_IBUF
    BUFGCTRL_X0Y16       BUFG (Prop_bufg_I_O)         0.029     1.165 r  clk_IBUF_BUFG_inst/O
                         net (fo=59, routed)          0.870     2.035    _minutos/CLK
    SLICE_X6Y87          FDRE                                         r  _minutos/counter_reg[5]/C
                         clock pessimism             -0.502     1.532    
    SLICE_X6Y87          FDRE (Hold_fdre_C_D)         0.121     1.653    _minutos/counter_reg[5]
  -------------------------------------------------------------------
                         required time                         -1.653    
                         arrival time                           1.842    
  -------------------------------------------------------------------
                         slack                                  0.189    

Slack (MET) :             0.236ns  (arrival time - required time)
  Source:                 _centesimas/counter_reg[3]/C
                            (rising edge-triggered cell FDRE clocked by sys_clk_pin  {rise@0.000ns fall@5.000ns period=10.000ns})
  Destination:            _centesimas/counter_reg[5]/D
                            (rising edge-triggered cell FDRE clocked by sys_clk_pin  {rise@0.000ns fall@5.000ns period=10.000ns})
  Path Group:             sys_clk_pin
  Path Type:              Hold (Min at Fast Process Corner)
  Requirement:            0.000ns  (sys_clk_pin rise@0.000ns - sys_clk_pin rise@0.000ns)
  Data Path Delay:        0.340ns  (logic 0.186ns (54.667%)  route 0.154ns (45.333%))
  Logic Levels:           1  (LUT6=1)
  Clock Path Skew:        0.013ns (DCD - SCD - CPR)
    Destination Clock Delay (DCD):    2.034ns
    Source Clock Delay      (SCD):    1.518ns
    Clock Pessimism Removal (CPR):    0.502ns

    Location             Delay type                Incr(ns)  Path(ns)    Netlist Resource(s)
  -------------------------------------------------------------------    -------------------
                         (clock sys_clk_pin rise edge)
                                                      0.000     0.000 r  
    E3                                                0.000     0.000 r  clk (IN)
                         net (fo=0)                   0.000     0.000    clk
    E3                   IBUF (Prop_ibuf_I_O)         0.250     0.250 r  clk_IBUF_inst/O
                         net (fo=1, routed)           0.644     0.894    clk_IBUF
    BUFGCTRL_X0Y16       BUFG (Prop_bufg_I_O)         0.026     0.920 r  clk_IBUF_BUFG_inst/O
                         net (fo=59, routed)          0.599     1.518    _centesimas/CLK
    SLICE_X5Y86          FDRE                                         r  _centesimas/counter_reg[3]/C
  -------------------------------------------------------------------    -------------------
    SLICE_X5Y86          FDRE (Prop_fdre_C_Q)         0.141     1.659 r  _centesimas/counter_reg[3]/Q
                         net (fo=11, routed)          0.154     1.814    _centesimas/centesimas[3]
    SLICE_X4Y86          LUT6 (Prop_lut6_I4_O)        0.045     1.859 r  _centesimas/counter[5]_i_1/O
                         net (fo=1, routed)           0.000     1.859    _centesimas/counter_next[5]
    SLICE_X4Y86          FDRE                                         r  _centesimas/counter_reg[5]/D
  -------------------------------------------------------------------    -------------------

                         (clock sys_clk_pin rise edge)
                                                      0.000     0.000 r  
    E3                                                0.000     0.000 r  clk (IN)
                         net (fo=0)                   0.000     0.000    clk
    E3                   IBUF (Prop_ibuf_I_O)         0.438     0.438 r  clk_IBUF_inst/O
                         net (fo=1, routed)           0.699     1.136    clk_IBUF
    BUFGCTRL_X0Y16       BUFG (Prop_bufg_I_O)         0.029     1.165 r  clk_IBUF_BUFG_inst/O
                         net (fo=59, routed)          0.869     2.034    _centesimas/CLK
    SLICE_X4Y86          FDRE                                         r  _centesimas/counter_reg[5]/C
                         clock pessimism             -0.502     1.531    
    SLICE_X4Y86          FDRE (Hold_fdre_C_D)         0.091     1.622    _centesimas/counter_reg[5]
  -------------------------------------------------------------------
                         required time                         -1.622    
                         arrival time                           1.859    
  -------------------------------------------------------------------
                         slack                                  0.236    

Slack (MET) :             0.236ns  (arrival time - required time)
  Source:                 _centesimas/counter_reg[3]/C
                            (rising edge-triggered cell FDRE clocked by sys_clk_pin  {rise@0.000ns fall@5.000ns period=10.000ns})
  Destination:            _centesimas/counter_reg[6]/D
                            (rising edge-triggered cell FDRE clocked by sys_clk_pin  {rise@0.000ns fall@5.000ns period=10.000ns})
  Path Group:             sys_clk_pin
  Path Type:              Hold (Min at Fast Process Corner)
  Requirement:            0.000ns  (sys_clk_pin rise@0.000ns - sys_clk_pin rise@0.000ns)
  Data Path Delay:        0.341ns  (logic 0.186ns (54.507%)  route 0.155ns (45.493%))
  Logic Levels:           1  (LUT6=1)
  Clock Path Skew:        0.013ns (DCD - SCD - CPR)
    Destination Clock Delay (DCD):    2.034ns
    Source Clock Delay      (SCD):    1.518ns
    Clock Pessimism Removal (CPR):    0.502ns

    Location             Delay type                Incr(ns)  Path(ns)    Netlist Resource(s)
  -------------------------------------------------------------------    -------------------
                         (clock sys_clk_pin rise edge)
                                                      0.000     0.000 r  
    E3                                                0.000     0.000 r  clk (IN)
                         net (fo=0)                   0.000     0.000    clk
    E3                   IBUF (Prop_ibuf_I_O)         0.250     0.250 r  clk_IBUF_inst/O
                         net (fo=1, routed)           0.644     0.894    clk_IBUF
    BUFGCTRL_X0Y16       BUFG (Prop_bufg_I_O)         0.026     0.920 r  clk_IBUF_BUFG_inst/O
                         net (fo=59, routed)          0.599     1.518    _centesimas/CLK
    SLICE_X5Y86          FDRE                                         r  _centesimas/counter_reg[3]/C
  -------------------------------------------------------------------    -------------------
    SLICE_X5Y86          FDRE (Prop_fdre_C_Q)         0.141     1.659 r  _centesimas/counter_reg[3]/Q
                         net (fo=11, routed)          0.155     1.815    _centesimas/centesimas[3]
    SLICE_X4Y86          LUT6 (Prop_lut6_I4_O)        0.045     1.860 r  _centesimas/counter[6]_i_2/O
                         net (fo=1, routed)           0.000     1.860    _centesimas/counter_next[6]
    SLICE_X4Y86          FDRE                                         r  _centesimas/counter_reg[6]/D
  -------------------------------------------------------------------    -------------------

                         (clock sys_clk_pin rise edge)
                                                      0.000     0.000 r  
    E3                                                0.000     0.000 r  clk (IN)
                         net (fo=0)                   0.000     0.000    clk
    E3                   IBUF (Prop_ibuf_I_O)         0.438     0.438 r  clk_IBUF_inst/O
                         net (fo=1, routed)           0.699     1.136    clk_IBUF
    BUFGCTRL_X0Y16       BUFG (Prop_bufg_I_O)         0.029     1.165 r  clk_IBUF_BUFG_inst/O
                         net (fo=59, routed)          0.869     2.034    _centesimas/CLK
    SLICE_X4Y86          FDRE                                         r  _centesimas/counter_reg[6]/C
                         clock pessimism             -0.502     1.531    
    SLICE_X4Y86          FDRE (Hold_fdre_C_D)         0.092     1.623    _centesimas/counter_reg[6]
  -------------------------------------------------------------------
                         required time                         -1.623    
                         arrival time                           1.860    
  -------------------------------------------------------------------
                         slack                                  0.236    

Slack (MET) :             0.250ns  (arrival time - required time)
  Source:                 _minutos/counter_reg[3]/C
                            (rising edge-triggered cell FDRE clocked by sys_clk_pin  {rise@0.000ns fall@5.000ns period=10.000ns})
  Destination:            _minutos/counter_reg[4]/D
                            (rising edge-triggered cell FDRE clocked by sys_clk_pin  {rise@0.000ns fall@5.000ns period=10.000ns})
  Path Group:             sys_clk_pin
  Path Type:              Hold (Min at Fast Process Corner)
  Requirement:            0.000ns  (sys_clk_pin rise@0.000ns - sys_clk_pin rise@0.000ns)
  Data Path Delay:        0.383ns  (logic 0.186ns (48.608%)  route 0.197ns (51.392%))
  Logic Levels:           1  (LUT6=1)
  Clock Path Skew:        0.013ns (DCD - SCD - CPR)
    Destination Clock Delay (DCD):    2.035ns
    Source Clock Delay      (SCD):    1.519ns
    Clock Pessimism Removal (CPR):    0.502ns

    Location             Delay type                Incr(ns)  Path(ns)    Netlist Resource(s)
  -------------------------------------------------------------------    -------------------
                         (clock sys_clk_pin rise edge)
                                                      0.000     0.000 r  
    E3                                                0.000     0.000 r  clk (IN)
                         net (fo=0)                   0.000     0.000    clk
    E3                   IBUF (Prop_ibuf_I_O)         0.250     0.250 r  clk_IBUF_inst/O
                         net (fo=1, routed)           0.644     0.894    clk_IBUF
    BUFGCTRL_X0Y16       BUFG (Prop_bufg_I_O)         0.026     0.920 r  clk_IBUF_BUFG_inst/O
                         net (fo=59, routed)          0.600     1.519    _minutos/CLK
    SLICE_X7Y87          FDRE                                         r  _minutos/counter_reg[3]/C
  -------------------------------------------------------------------    -------------------
    SLICE_X7Y87          FDRE (Prop_fdre_C_Q)         0.141     1.660 r  _minutos/counter_reg[3]/Q
                         net (fo=8, routed)           0.197     1.857    _minutos/minutos[3]
    SLICE_X6Y87          LUT6 (Prop_lut6_I4_O)        0.045     1.902 r  _minutos/counter[4]_i_1__1/O
                         net (fo=1, routed)           0.000     1.902    _minutos/counter_next[4]
    SLICE_X6Y87          FDRE                                         r  _minutos/counter_reg[4]/D
  -------------------------------------------------------------------    -------------------

                         (clock sys_clk_pin rise edge)
                                                      0.000     0.000 r  
    E3                                                0.000     0.000 r  clk (IN)
                         net (fo=0)                   0.000     0.000    clk
    E3                   IBUF (Prop_ibuf_I_O)         0.438     0.438 r  clk_IBUF_inst/O
                         net (fo=1, routed)           0.699     1.136    clk_IBUF
    BUFGCTRL_X0Y16       BUFG (Prop_bufg_I_O)         0.029     1.165 r  clk_IBUF_BUFG_inst/O
                         net (fo=59, routed)          0.870     2.035    _minutos/CLK
    SLICE_X6Y87          FDRE                                         r  _minutos/counter_reg[4]/C
                         clock pessimism             -0.502     1.532    
    SLICE_X6Y87          FDRE (Hold_fdre_C_D)         0.120     1.652    _minutos/counter_reg[4]
  -------------------------------------------------------------------
                         required time                         -1.652    
                         arrival time                           1.902    
  -------------------------------------------------------------------
                         slack                                  0.250    

Slack (MET) :             0.252ns  (arrival time - required time)
  Source:                 _segundos/counter_reg[3]/C
                            (rising edge-triggered cell FDRE clocked by sys_clk_pin  {rise@0.000ns fall@5.000ns period=10.000ns})
  Destination:            _segundos/counter_reg[2]/D
                            (rising edge-triggered cell FDRE clocked by sys_clk_pin  {rise@0.000ns fall@5.000ns period=10.000ns})
  Path Group:             sys_clk_pin
  Path Type:              Hold (Min at Fast Process Corner)
  Requirement:            0.000ns  (sys_clk_pin rise@0.000ns - sys_clk_pin rise@0.000ns)
  Data Path Delay:        0.360ns  (logic 0.186ns (51.717%)  route 0.174ns (48.283%))
  Logic Levels:           1  (LUT6=1)
  Clock Path Skew:        0.016ns (DCD - SCD - CPR)
    Destination Clock Delay (DCD):    2.037ns
    Source Clock Delay      (SCD):    1.520ns
    Clock Pessimism Removal (CPR):    0.500ns

    Location             Delay type                Incr(ns)  Path(ns)    Netlist Resource(s)
  -------------------------------------------------------------------    -------------------
                         (clock sys_clk_pin rise edge)
                                                      0.000     0.000 r  
    E3                                                0.000     0.000 r  clk (IN)
                         net (fo=0)                   0.000     0.000    clk
    E3                   IBUF (Prop_ibuf_I_O)         0.250     0.250 r  clk_IBUF_inst/O
                         net (fo=1, routed)           0.644     0.894    clk_IBUF
    BUFGCTRL_X0Y16       BUFG (Prop_bufg_I_O)         0.026     0.920 r  clk_IBUF_BUFG_inst/O
                         net (fo=59, routed)          0.601     1.520    _segundos/CLK
    SLICE_X5Y89          FDRE                                         r  _segundos/counter_reg[3]/C
  -------------------------------------------------------------------    -------------------
    SLICE_X5Y89          FDRE (Prop_fdre_C_Q)         0.141     1.661 f  _segundos/counter_reg[3]/Q
                         net (fo=10, routed)          0.174     1.835    _segundos/segundos[3]
    SLICE_X5Y88          LUT6 (Prop_lut6_I0_O)        0.045     1.880 r  _segundos/counter[2]_i_1__0/O
                         net (fo=1, routed)           0.000     1.880    _segundos/counter_next[2]
    SLICE_X5Y88          FDRE                                         r  _segundos/counter_reg[2]/D
  -------------------------------------------------------------------    -------------------

                         (clock sys_clk_pin rise edge)
                                                      0.000     0.000 r  
    E3                                                0.000     0.000 r  clk (IN)
                         net (fo=0)                   0.000     0.000    clk
    E3                   IBUF (Prop_ibuf_I_O)         0.438     0.438 r  clk_IBUF_inst/O
                         net (fo=1, routed)           0.699     1.136    clk_IBUF
    BUFGCTRL_X0Y16       BUFG (Prop_bufg_I_O)         0.029     1.165 r  clk_IBUF_BUFG_inst/O
                         net (fo=59, routed)          0.872     2.037    _segundos/CLK
    SLICE_X5Y88          FDRE                                         r  _segundos/counter_reg[2]/C
                         clock pessimism             -0.500     1.536    
    SLICE_X5Y88          FDRE (Hold_fdre_C_D)         0.092     1.628    _segundos/counter_reg[2]
  -------------------------------------------------------------------
                         required time                         -1.628    
                         arrival time                           1.880    
  -------------------------------------------------------------------
                         slack                                  0.252    

Slack (MET) :             0.252ns  (arrival time - required time)
  Source:                 _prescaler/_contador/counter_reg[11]/C
                            (rising edge-triggered cell FDRE clocked by sys_clk_pin  {rise@0.000ns fall@5.000ns period=10.000ns})
  Destination:            _prescaler/_contador/counter_reg[11]/D
                            (rising edge-triggered cell FDRE clocked by sys_clk_pin  {rise@0.000ns fall@5.000ns period=10.000ns})
  Path Group:             sys_clk_pin
  Path Type:              Hold (Min at Fast Process Corner)
  Requirement:            0.000ns  (sys_clk_pin rise@0.000ns - sys_clk_pin rise@0.000ns)
  Data Path Delay:        0.357ns  (logic 0.249ns (69.714%)  route 0.108ns (30.286%))
  Logic Levels:           1  (CARRY4=1)
  Clock Path Skew:        0.000ns (DCD - SCD - CPR)
    Destination Clock Delay (DCD):    2.041ns
    Source Clock Delay      (SCD):    1.522ns
    Clock Pessimism Removal (CPR):    0.518ns

    Location             Delay type                Incr(ns)  Path(ns)    Netlist Resource(s)
  -------------------------------------------------------------------    -------------------
                         (clock sys_clk_pin rise edge)
                                                      0.000     0.000 r  
    E3                                                0.000     0.000 r  clk (IN)
                         net (fo=0)                   0.000     0.000    clk
    E3                   IBUF (Prop_ibuf_I_O)         0.250     0.250 r  clk_IBUF_inst/O
                         net (fo=1, routed)           0.644     0.894    clk_IBUF
    BUFGCTRL_X0Y16       BUFG (Prop_bufg_I_O)         0.026     0.920 r  clk_IBUF_BUFG_inst/O
                         net (fo=59, routed)          0.603     1.522    _prescaler/_contador/CLK
    SLICE_X3Y90          FDRE                                         r  _prescaler/_contador/counter_reg[11]/C
  -------------------------------------------------------------------    -------------------
    SLICE_X3Y90          FDRE (Prop_fdre_C_Q)         0.141     1.663 r  _prescaler/_contador/counter_reg[11]/Q
                         net (fo=1, routed)           0.108     1.772    _prescaler/_contador/counter_reg_n_0_[11]
    SLICE_X3Y90          CARRY4 (Prop_carry4_S[3]_O[3])
                                                      0.108     1.880 r  _prescaler/_contador/counter_reg[8]_i_1__0/O[3]
                         net (fo=1, routed)           0.000     1.880    _prescaler/_contador/counter_reg[8]_i_1__0_n_4
    SLICE_X3Y90          FDRE                                         r  _prescaler/_contador/counter_reg[11]/D
  -------------------------------------------------------------------    -------------------

                         (clock sys_clk_pin rise edge)
                                                      0.000     0.000 r  
    E3                                                0.000     0.000 r  clk (IN)
                         net (fo=0)                   0.000     0.000    clk
    E3                   IBUF (Prop_ibuf_I_O)         0.438     0.438 r  clk_IBUF_inst/O
                         net (fo=1, routed)           0.699     1.136    clk_IBUF
    BUFGCTRL_X0Y16       BUFG (Prop_bufg_I_O)         0.029     1.165 r  clk_IBUF_BUFG_inst/O
                         net (fo=59, routed)          0.876     2.041    _prescaler/_contador/CLK
    SLICE_X3Y90          FDRE                                         r  _prescaler/_contador/counter_reg[11]/C
                         clock pessimism             -0.518     1.522    
    SLICE_X3Y90          FDRE (Hold_fdre_C_D)         0.105     1.627    _prescaler/_contador/counter_reg[11]
  -------------------------------------------------------------------
                         required time                         -1.627    
                         arrival time                           1.880    
  -------------------------------------------------------------------
                         slack                                  0.252    

Slack (MET) :             0.252ns  (arrival time - required time)
  Source:                 _prescaler/_contador/counter_reg[15]/C
                            (rising edge-triggered cell FDRE clocked by sys_clk_pin  {rise@0.000ns fall@5.000ns period=10.000ns})
  Destination:            _prescaler/_contador/counter_reg[15]/D
                            (rising edge-triggered cell FDRE clocked by sys_clk_pin  {rise@0.000ns fall@5.000ns period=10.000ns})
  Path Group:             sys_clk_pin
  Path Type:              Hold (Min at Fast Process Corner)
  Requirement:            0.000ns  (sys_clk_pin rise@0.000ns - sys_clk_pin rise@0.000ns)
  Data Path Delay:        0.357ns  (logic 0.249ns (69.714%)  route 0.108ns (30.286%))
  Logic Levels:           1  (CARRY4=1)
  Clock Path Skew:        0.000ns (DCD - SCD - CPR)
    Destination Clock Delay (DCD):    2.041ns
    Source Clock Delay      (SCD):    1.522ns
    Clock Pessimism Removal (CPR):    0.518ns

    Location             Delay type                Incr(ns)  Path(ns)    Netlist Resource(s)
  -------------------------------------------------------------------    -------------------
                         (clock sys_clk_pin rise edge)
                                                      0.000     0.000 r  
    E3                                                0.000     0.000 r  clk (IN)
                         net (fo=0)                   0.000     0.000    clk
    E3                   IBUF (Prop_ibuf_I_O)         0.250     0.250 r  clk_IBUF_inst/O
                         net (fo=1, routed)           0.644     0.894    clk_IBUF
    BUFGCTRL_X0Y16       BUFG (Prop_bufg_I_O)         0.026     0.920 r  clk_IBUF_BUFG_inst/O
                         net (fo=59, routed)          0.603     1.522    _prescaler/_contador/CLK
    SLICE_X3Y91          FDRE                                         r  _prescaler/_contador/counter_reg[15]/C
  -------------------------------------------------------------------    -------------------
    SLICE_X3Y91          FDRE (Prop_fdre_C_Q)         0.141     1.663 r  _prescaler/_contador/counter_reg[15]/Q
                         net (fo=1, routed)           0.108     1.772    _prescaler/_contador/counter_reg_n_0_[15]
    SLICE_X3Y91          CARRY4 (Prop_carry4_S[3]_O[3])
                                                      0.108     1.880 r  _prescaler/_contador/counter_reg[12]_i_1__0/O[3]
                         net (fo=1, routed)           0.000     1.880    _prescaler/_contador/counter_reg[12]_i_1__0_n_4
    SLICE_X3Y91          FDRE                                         r  _prescaler/_contador/counter_reg[15]/D
  -------------------------------------------------------------------    -------------------

                         (clock sys_clk_pin rise edge)
                                                      0.000     0.000 r  
    E3                                                0.000     0.000 r  clk (IN)
                         net (fo=0)                   0.000     0.000    clk
    E3                   IBUF (Prop_ibuf_I_O)         0.438     0.438 r  clk_IBUF_inst/O
                         net (fo=1, routed)           0.699     1.136    clk_IBUF
    BUFGCTRL_X0Y16       BUFG (Prop_bufg_I_O)         0.029     1.165 r  clk_IBUF_BUFG_inst/O
                         net (fo=59, routed)          0.876     2.041    _prescaler/_contador/CLK
    SLICE_X3Y91          FDRE                                         r  _prescaler/_contador/counter_reg[15]/C
                         clock pessimism             -0.518     1.522    
    SLICE_X3Y91          FDRE (Hold_fdre_C_D)         0.105     1.627    _prescaler/_contador/counter_reg[15]
  -------------------------------------------------------------------
                         required time                         -1.627    
                         arrival time                           1.880    
  -------------------------------------------------------------------
                         slack                                  0.252    

Slack (MET) :             0.252ns  (arrival time - required time)
  Source:                 _prescaler/_contador/counter_reg[3]/C
                            (rising edge-triggered cell FDRE clocked by sys_clk_pin  {rise@0.000ns fall@5.000ns period=10.000ns})
  Destination:            _prescaler/_contador/counter_reg[3]/D
                            (rising edge-triggered cell FDRE clocked by sys_clk_pin  {rise@0.000ns fall@5.000ns period=10.000ns})
  Path Group:             sys_clk_pin
  Path Type:              Hold (Min at Fast Process Corner)
  Requirement:            0.000ns  (sys_clk_pin rise@0.000ns - sys_clk_pin rise@0.000ns)
  Data Path Delay:        0.357ns  (logic 0.249ns (69.714%)  route 0.108ns (30.286%))
  Logic Levels:           1  (CARRY4=1)
  Clock Path Skew:        0.000ns (DCD - SCD - CPR)
    Destination Clock Delay (DCD):    2.040ns
    Source Clock Delay      (SCD):    1.521ns
    Clock Pessimism Removal (CPR):    0.518ns

    Location             Delay type                Incr(ns)  Path(ns)    Netlist Resource(s)
  -------------------------------------------------------------------    -------------------
                         (clock sys_clk_pin rise edge)
                                                      0.000     0.000 r  
    E3                                                0.000     0.000 r  clk (IN)
                         net (fo=0)                   0.000     0.000    clk
    E3                   IBUF (Prop_ibuf_I_O)         0.250     0.250 r  clk_IBUF_inst/O
                         net (fo=1, routed)           0.644     0.894    clk_IBUF
    BUFGCTRL_X0Y16       BUFG (Prop_bufg_I_O)         0.026     0.920 r  clk_IBUF_BUFG_inst/O
                         net (fo=59, routed)          0.602     1.521    _prescaler/_contador/CLK
    SLICE_X3Y88          FDRE                                         r  _prescaler/_contador/counter_reg[3]/C
  -------------------------------------------------------------------    -------------------
    SLICE_X3Y88          FDRE (Prop_fdre_C_Q)         0.141     1.662 r  _prescaler/_contador/counter_reg[3]/Q
                         net (fo=1, routed)           0.108     1.771    _prescaler/_contador/counter_reg_n_0_[3]
    SLICE_X3Y88          CARRY4 (Prop_carry4_S[3]_O[3])
                                                      0.108     1.879 r  _prescaler/_contador/counter_reg[0]_i_1/O[3]
                         net (fo=1, routed)           0.000     1.879    _prescaler/_contador/counter_reg[0]_i_1_n_4
    SLICE_X3Y88          FDRE                                         r  _prescaler/_contador/counter_reg[3]/D
  -------------------------------------------------------------------    -------------------

                         (clock sys_clk_pin rise edge)
                                                      0.000     0.000 r  
    E3                                                0.000     0.000 r  clk (IN)
                         net (fo=0)                   0.000     0.000    clk
    E3                   IBUF (Prop_ibuf_I_O)         0.438     0.438 r  clk_IBUF_inst/O
                         net (fo=1, routed)           0.699     1.136    clk_IBUF
    BUFGCTRL_X0Y16       BUFG (Prop_bufg_I_O)         0.029     1.165 r  clk_IBUF_BUFG_inst/O
                         net (fo=59, routed)          0.875     2.040    _prescaler/_contador/CLK
    SLICE_X3Y88          FDRE                                         r  _prescaler/_contador/counter_reg[3]/C
                         clock pessimism             -0.518     1.521    
    SLICE_X3Y88          FDRE (Hold_fdre_C_D)         0.105     1.626    _prescaler/_contador/counter_reg[3]
  -------------------------------------------------------------------
                         required time                         -1.626    
                         arrival time                           1.879    
  -------------------------------------------------------------------
                         slack                                  0.252    





Pulse Width Checks
--------------------------------------------------------------------------------------
Clock Name:         sys_clk_pin
Waveform(ns):       { 0.000 5.000 }
Period(ns):         10.000
Sources:            { clk }

Check Type        Corner  Lib Pin  Reference Pin  Required(ns)  Actual(ns)  Slack(ns)  Location        Pin
Min Period        n/a     BUFG/I   n/a            2.155         10.000      7.845      BUFGCTRL_X0Y16  clk_IBUF_BUFG_inst/I
Min Period        n/a     FDRE/C   n/a            1.000         10.000      9.000      SLICE_X5Y86     _centesimas/counter_reg[0]/C
Min Period        n/a     FDRE/C   n/a            1.000         10.000      9.000      SLICE_X4Y86     _centesimas/counter_reg[1]/C
Min Period        n/a     FDRE/C   n/a            1.000         10.000      9.000      SLICE_X5Y86     _centesimas/counter_reg[2]/C
Min Period        n/a     FDRE/C   n/a            1.000         10.000      9.000      SLICE_X5Y86     _centesimas/counter_reg[3]/C
Min Period        n/a     FDRE/C   n/a            1.000         10.000      9.000      SLICE_X5Y86     _centesimas/counter_reg[4]/C
Min Period        n/a     FDRE/C   n/a            1.000         10.000      9.000      SLICE_X4Y86     _centesimas/counter_reg[5]/C
Min Period        n/a     FDRE/C   n/a            1.000         10.000      9.000      SLICE_X4Y86     _centesimas/counter_reg[6]/C
Min Period        n/a     FDRE/C   n/a            1.000         10.000      9.000      SLICE_X7Y87     _minutos/counter_reg[0]/C
Min Period        n/a     FDRE/C   n/a            1.000         10.000      9.000      SLICE_X7Y87     _minutos/counter_reg[1]/C
Low Pulse Width   Slow    FDRE/C   n/a            0.500         5.000       4.500      SLICE_X5Y86     _centesimas/counter_reg[0]/C
Low Pulse Width   Fast    FDRE/C   n/a            0.500         5.000       4.500      SLICE_X5Y86     _centesimas/counter_reg[0]/C
Low Pulse Width   Slow    FDRE/C   n/a            0.500         5.000       4.500      SLICE_X4Y86     _centesimas/counter_reg[1]/C
Low Pulse Width   Fast    FDRE/C   n/a            0.500         5.000       4.500      SLICE_X4Y86     _centesimas/counter_reg[1]/C
Low Pulse Width   Slow    FDRE/C   n/a            0.500         5.000       4.500      SLICE_X5Y86     _centesimas/counter_reg[2]/C
Low Pulse Width   Fast    FDRE/C   n/a            0.500         5.000       4.500      SLICE_X5Y86     _centesimas/counter_reg[2]/C
Low Pulse Width   Slow    FDRE/C   n/a            0.500         5.000       4.500      SLICE_X5Y86     _centesimas/counter_reg[3]/C
Low Pulse Width   Fast    FDRE/C   n/a            0.500         5.000       4.500      SLICE_X5Y86     _centesimas/counter_reg[3]/C
Low Pulse Width   Slow    FDRE/C   n/a            0.500         5.000       4.500      SLICE_X5Y86     _centesimas/counter_reg[4]/C
Low Pulse Width   Fast    FDRE/C   n/a            0.500         5.000       4.500      SLICE_X5Y86     _centesimas/counter_reg[4]/C
High Pulse Width  Slow    FDRE/C   n/a            0.500         5.000       4.500      SLICE_X5Y86     _centesimas/counter_reg[0]/C
High Pulse Width  Fast    FDRE/C   n/a            0.500         5.000       4.500      SLICE_X5Y86     _centesimas/counter_reg[0]/C
High Pulse Width  Slow    FDRE/C   n/a            0.500         5.000       4.500      SLICE_X4Y86     _centesimas/counter_reg[1]/C
High Pulse Width  Fast    FDRE/C   n/a            0.500         5.000       4.500      SLICE_X4Y86     _centesimas/counter_reg[1]/C
High Pulse Width  Slow    FDRE/C   n/a            0.500         5.000       4.500      SLICE_X5Y86     _centesimas/counter_reg[2]/C
High Pulse Width  Fast    FDRE/C   n/a            0.500         5.000       4.500      SLICE_X5Y86     _centesimas/counter_reg[2]/C
High Pulse Width  Slow    FDRE/C   n/a            0.500         5.000       4.500      SLICE_X5Y86     _centesimas/counter_reg[3]/C
High Pulse Width  Fast    FDRE/C   n/a            0.500         5.000       4.500      SLICE_X5Y86     _centesimas/counter_reg[3]/C
High Pulse Width  Slow    FDRE/C   n/a            0.500         5.000       4.500      SLICE_X5Y86     _centesimas/counter_reg[4]/C
High Pulse Width  Fast    FDRE/C   n/a            0.500         5.000       4.500      SLICE_X5Y86     _centesimas/counter_reg[4]/C



--------------------------------------------------------------------------------------
Path Group:  (none)
From Clock:  sys_clk_pin
  To Clock:  

Max Delay            15 Endpoints
Min Delay            15 Endpoints
--------------------------------------------------------------------------------------


Max Delay Paths
--------------------------------------------------------------------------------------
Slack:                    inf
  Source:                 _prescaler/_contador/counter_reg[19]/C
                            (rising edge-triggered cell FDRE clocked by sys_clk_pin  {rise@0.000ns fall@5.000ns period=10.000ns})
  Destination:            segments[0]
                            (output port)
  Path Group:             (none)
  Path Type:              Max at Slow Process Corner
  Data Path Delay:        12.268ns  (logic 5.007ns (40.814%)  route 7.261ns (59.186%))
  Logic Levels:           5  (LUT3=1 LUT4=1 LUT6=2 OBUF=1)
  Clock Uncertainty:      0.025ns  ((TSJ^2 + TIJ^2)^1/2 + DJ) / 2 + PE
    Total System Jitter     (TSJ):    0.050ns
    Total Input Jitter      (TIJ):    0.000ns
    Discrete Jitter          (DJ):    0.000ns
    Phase Error              (PE):    0.000ns

    Location             Delay type                Incr(ns)  Path(ns)    Netlist Resource(s)
  -------------------------------------------------------------------    -------------------
                         (clock sys_clk_pin rise edge)
                                                      0.000     0.000 r  
    E3                                                0.000     0.000 r  clk (IN)
                         net (fo=0)                   0.000     0.000    clk
    E3                   IBUF (Prop_ibuf_I_O)         1.482     1.482 r  clk_IBUF_inst/O
                         net (fo=1, routed)           2.025     3.506    clk_IBUF
    BUFGCTRL_X0Y16       BUFG (Prop_bufg_I_O)         0.096     3.602 r  clk_IBUF_BUFG_inst/O
                         net (fo=59, routed)          1.724     5.327    _prescaler/_contador/CLK
    SLICE_X3Y92          FDRE                                         r  _prescaler/_contador/counter_reg[19]/C
  -------------------------------------------------------------------    -------------------
    SLICE_X3Y92          FDRE (Prop_fdre_C_Q)         0.456     5.783 f  _prescaler/_contador/counter_reg[19]/Q
                         net (fo=17, routed)          1.660     7.443    _prescaler/_contador/sel0[2]
    SLICE_X2Y87          LUT3 (Prop_lut3_I0_O)        0.146     7.589 r  _prescaler/_contador/segments_OBUF[6]_inst_i_17/O
                         net (fo=1, routed)           0.972     8.561    _minutos/segments_OBUF[6]_inst_i_2
    SLICE_X6Y87          LUT6 (Prop_lut6_I0_O)        0.328     8.889 r  _minutos/segments_OBUF[6]_inst_i_8/O
                         net (fo=1, routed)           0.493     9.382    _prescaler/_contador/segments_OBUF[4]_inst_i_1_2
    SLICE_X3Y87          LUT6 (Prop_lut6_I5_O)        0.124     9.506 r  _prescaler/_contador/segments_OBUF[6]_inst_i_2/O
                         net (fo=7, routed)           1.055    10.561    _prescaler/_contador/segments_OBUF[6]_inst_i_2_n_0
    SLICE_X2Y88          LUT4 (Prop_lut4_I3_O)        0.152    10.713 r  _prescaler/_contador/segments_OBUF[0]_inst_i_1/O
                         net (fo=1, routed)           3.080    13.794    segments_OBUF[0]
    T10                  OBUF (Prop_obuf_I_O)         3.801    17.595 r  segments_OBUF[0]_inst/O
                         net (fo=0)                   0.000    17.595    segments[0]
    T10                                                               r  segments[0] (OUT)
  -------------------------------------------------------------------    -------------------

Slack:                    inf
  Source:                 _prescaler/_contador/counter_reg[19]/C
                            (rising edge-triggered cell FDRE clocked by sys_clk_pin  {rise@0.000ns fall@5.000ns period=10.000ns})
  Destination:            segments[1]
                            (output port)
  Path Group:             (none)
  Path Type:              Max at Slow Process Corner
  Data Path Delay:        11.797ns  (logic 4.733ns (40.123%)  route 7.064ns (59.877%))
  Logic Levels:           5  (LUT3=1 LUT4=1 LUT6=2 OBUF=1)
  Clock Uncertainty:      0.025ns  ((TSJ^2 + TIJ^2)^1/2 + DJ) / 2 + PE
    Total System Jitter     (TSJ):    0.050ns
    Total Input Jitter      (TIJ):    0.000ns
    Discrete Jitter          (DJ):    0.000ns
    Phase Error              (PE):    0.000ns

    Location             Delay type                Incr(ns)  Path(ns)    Netlist Resource(s)
  -------------------------------------------------------------------    -------------------
                         (clock sys_clk_pin rise edge)
                                                      0.000     0.000 r  
    E3                                                0.000     0.000 r  clk (IN)
                         net (fo=0)                   0.000     0.000    clk
    E3                   IBUF (Prop_ibuf_I_O)         1.482     1.482 r  clk_IBUF_inst/O
                         net (fo=1, routed)           2.025     3.506    clk_IBUF
    BUFGCTRL_X0Y16       BUFG (Prop_bufg_I_O)         0.096     3.602 r  clk_IBUF_BUFG_inst/O
                         net (fo=59, routed)          1.724     5.327    _prescaler/_contador/CLK
    SLICE_X3Y92          FDRE                                         r  _prescaler/_contador/counter_reg[19]/C
  -------------------------------------------------------------------    -------------------
    SLICE_X3Y92          FDRE (Prop_fdre_C_Q)         0.456     5.783 f  _prescaler/_contador/counter_reg[19]/Q
                         net (fo=17, routed)          1.660     7.443    _prescaler/_contador/sel0[2]
    SLICE_X2Y87          LUT3 (Prop_lut3_I0_O)        0.146     7.589 r  _prescaler/_contador/segments_OBUF[6]_inst_i_17/O
                         net (fo=1, routed)           0.972     8.561    _minutos/segments_OBUF[6]_inst_i_2
    SLICE_X6Y87          LUT6 (Prop_lut6_I0_O)        0.328     8.889 r  _minutos/segments_OBUF[6]_inst_i_8/O
                         net (fo=1, routed)           0.493     9.382    _prescaler/_contador/segments_OBUF[4]_inst_i_1_2
    SLICE_X3Y87          LUT6 (Prop_lut6_I5_O)        0.124     9.506 r  _prescaler/_contador/segments_OBUF[6]_inst_i_2/O
                         net (fo=7, routed)           0.866    10.372    _prescaler/_contador/segments_OBUF[6]_inst_i_2_n_0
    SLICE_X2Y87          LUT4 (Prop_lut4_I0_O)        0.124    10.496 r  _prescaler/_contador/segments_OBUF[1]_inst_i_1/O
                         net (fo=1, routed)           3.073    13.569    segments_OBUF[1]
    R10                  OBUF (Prop_obuf_I_O)         3.555    17.124 r  segments_OBUF[1]_inst/O
                         net (fo=0)                   0.000    17.124    segments[1]
    R10                                                               r  segments[1] (OUT)
  -------------------------------------------------------------------    -------------------

Slack:                    inf
  Source:                 _prescaler/_contador/counter_reg[19]/C
                            (rising edge-triggered cell FDRE clocked by sys_clk_pin  {rise@0.000ns fall@5.000ns period=10.000ns})
  Destination:            segments[5]
                            (output port)
  Path Group:             (none)
  Path Type:              Max at Slow Process Corner
  Data Path Delay:        11.725ns  (logic 4.969ns (42.376%)  route 6.756ns (57.624%))
  Logic Levels:           5  (LUT3=1 LUT4=1 LUT6=2 OBUF=1)
  Clock Uncertainty:      0.025ns  ((TSJ^2 + TIJ^2)^1/2 + DJ) / 2 + PE
    Total System Jitter     (TSJ):    0.050ns
    Total Input Jitter      (TIJ):    0.000ns
    Discrete Jitter          (DJ):    0.000ns
    Phase Error              (PE):    0.000ns

    Location             Delay type                Incr(ns)  Path(ns)    Netlist Resource(s)
  -------------------------------------------------------------------    -------------------
                         (clock sys_clk_pin rise edge)
                                                      0.000     0.000 r  
    E3                                                0.000     0.000 r  clk (IN)
                         net (fo=0)                   0.000     0.000    clk
    E3                   IBUF (Prop_ibuf_I_O)         1.482     1.482 r  clk_IBUF_inst/O
                         net (fo=1, routed)           2.025     3.506    clk_IBUF
    BUFGCTRL_X0Y16       BUFG (Prop_bufg_I_O)         0.096     3.602 r  clk_IBUF_BUFG_inst/O
                         net (fo=59, routed)          1.724     5.327    _prescaler/_contador/CLK
    SLICE_X3Y92          FDRE                                         r  _prescaler/_contador/counter_reg[19]/C
  -------------------------------------------------------------------    -------------------
    SLICE_X3Y92          FDRE (Prop_fdre_C_Q)         0.456     5.783 f  _prescaler/_contador/counter_reg[19]/Q
                         net (fo=17, routed)          1.660     7.443    _prescaler/_contador/sel0[2]
    SLICE_X2Y87          LUT3 (Prop_lut3_I0_O)        0.146     7.589 r  _prescaler/_contador/segments_OBUF[6]_inst_i_17/O
                         net (fo=1, routed)           0.972     8.561    _minutos/segments_OBUF[6]_inst_i_2
    SLICE_X6Y87          LUT6 (Prop_lut6_I0_O)        0.328     8.889 r  _minutos/segments_OBUF[6]_inst_i_8/O
                         net (fo=1, routed)           0.493     9.382    _prescaler/_contador/segments_OBUF[4]_inst_i_1_2
    SLICE_X3Y87          LUT6 (Prop_lut6_I5_O)        0.124     9.506 r  _prescaler/_contador/segments_OBUF[6]_inst_i_2/O
                         net (fo=7, routed)           1.065    10.571    _prescaler/_contador/segments_OBUF[6]_inst_i_2_n_0
    SLICE_X2Y88          LUT4 (Prop_lut4_I3_O)        0.150    10.721 r  _prescaler/_contador/segments_OBUF[5]_inst_i_1/O
                         net (fo=1, routed)           2.566    13.287    segments_OBUF[5]
    T11                  OBUF (Prop_obuf_I_O)         3.765    17.052 r  segments_OBUF[5]_inst/O
                         net (fo=0)                   0.000    17.052    segments[5]
    T11                                                               r  segments[5] (OUT)
  -------------------------------------------------------------------    -------------------

Slack:                    inf
  Source:                 _prescaler/_contador/counter_reg[19]/C
                            (rising edge-triggered cell FDRE clocked by sys_clk_pin  {rise@0.000ns fall@5.000ns period=10.000ns})
  Destination:            segments[3]
                            (output port)
  Path Group:             (none)
  Path Type:              Max at Slow Process Corner
  Data Path Delay:        11.410ns  (logic 4.728ns (41.440%)  route 6.682ns (58.560%))
  Logic Levels:           5  (LUT3=1 LUT4=1 LUT6=2 OBUF=1)
  Clock Uncertainty:      0.025ns  ((TSJ^2 + TIJ^2)^1/2 + DJ) / 2 + PE
    Total System Jitter     (TSJ):    0.050ns
    Total Input Jitter      (TIJ):    0.000ns
    Discrete Jitter          (DJ):    0.000ns
    Phase Error              (PE):    0.000ns

    Location             Delay type                Incr(ns)  Path(ns)    Netlist Resource(s)
  -------------------------------------------------------------------    -------------------
                         (clock sys_clk_pin rise edge)
                                                      0.000     0.000 r  
    E3                                                0.000     0.000 r  clk (IN)
                         net (fo=0)                   0.000     0.000    clk
    E3                   IBUF (Prop_ibuf_I_O)         1.482     1.482 r  clk_IBUF_inst/O
                         net (fo=1, routed)           2.025     3.506    clk_IBUF
    BUFGCTRL_X0Y16       BUFG (Prop_bufg_I_O)         0.096     3.602 r  clk_IBUF_BUFG_inst/O
                         net (fo=59, routed)          1.724     5.327    _prescaler/_contador/CLK
    SLICE_X3Y92          FDRE                                         r  _prescaler/_contador/counter_reg[19]/C
  -------------------------------------------------------------------    -------------------
    SLICE_X3Y92          FDRE (Prop_fdre_C_Q)         0.456     5.783 f  _prescaler/_contador/counter_reg[19]/Q
                         net (fo=17, routed)          1.660     7.443    _prescaler/_contador/sel0[2]
    SLICE_X2Y87          LUT3 (Prop_lut3_I0_O)        0.146     7.589 r  _prescaler/_contador/segments_OBUF[6]_inst_i_17/O
                         net (fo=1, routed)           0.972     8.561    _minutos/segments_OBUF[6]_inst_i_2
    SLICE_X6Y87          LUT6 (Prop_lut6_I0_O)        0.328     8.889 r  _minutos/segments_OBUF[6]_inst_i_8/O
                         net (fo=1, routed)           0.493     9.382    _prescaler/_contador/segments_OBUF[4]_inst_i_1_2
    SLICE_X3Y87          LUT6 (Prop_lut6_I5_O)        0.124     9.506 r  _prescaler/_contador/segments_OBUF[6]_inst_i_2/O
                         net (fo=7, routed)           1.055    10.561    _prescaler/_contador/segments_OBUF[6]_inst_i_2_n_0
    SLICE_X2Y88          LUT4 (Prop_lut4_I0_O)        0.124    10.685 r  _prescaler/_contador/segments_OBUF[3]_inst_i_1/O
                         net (fo=1, routed)           2.501    13.186    segments_OBUF[3]
    K13                  OBUF (Prop_obuf_I_O)         3.550    16.737 r  segments_OBUF[3]_inst/O
                         net (fo=0)                   0.000    16.737    segments[3]
    K13                                                               r  segments[3] (OUT)
  -------------------------------------------------------------------    -------------------

Slack:                    inf
  Source:                 _prescaler/_contador/counter_reg[19]/C
                            (rising edge-triggered cell FDRE clocked by sys_clk_pin  {rise@0.000ns fall@5.000ns period=10.000ns})
  Destination:            segments[4]
                            (output port)
  Path Group:             (none)
  Path Type:              Max at Slow Process Corner
  Data Path Delay:        11.059ns  (logic 4.948ns (44.739%)  route 6.111ns (55.261%))
  Logic Levels:           5  (LUT3=1 LUT4=1 LUT6=2 OBUF=1)
  Clock Uncertainty:      0.025ns  ((TSJ^2 + TIJ^2)^1/2 + DJ) / 2 + PE
    Total System Jitter     (TSJ):    0.050ns
    Total Input Jitter      (TIJ):    0.000ns
    Discrete Jitter          (DJ):    0.000ns
    Phase Error              (PE):    0.000ns

    Location             Delay type                Incr(ns)  Path(ns)    Netlist Resource(s)
  -------------------------------------------------------------------    -------------------
                         (clock sys_clk_pin rise edge)
                                                      0.000     0.000 r  
    E3                                                0.000     0.000 r  clk (IN)
                         net (fo=0)                   0.000     0.000    clk
    E3                   IBUF (Prop_ibuf_I_O)         1.482     1.482 r  clk_IBUF_inst/O
                         net (fo=1, routed)           2.025     3.506    clk_IBUF
    BUFGCTRL_X0Y16       BUFG (Prop_bufg_I_O)         0.096     3.602 r  clk_IBUF_BUFG_inst/O
                         net (fo=59, routed)          1.724     5.327    _prescaler/_contador/CLK
    SLICE_X3Y92          FDRE                                         r  _prescaler/_contador/counter_reg[19]/C
  -------------------------------------------------------------------    -------------------
    SLICE_X3Y92          FDRE (Prop_fdre_C_Q)         0.456     5.783 f  _prescaler/_contador/counter_reg[19]/Q
                         net (fo=17, routed)          1.660     7.443    _prescaler/_contador/sel0[2]
    SLICE_X2Y87          LUT3 (Prop_lut3_I0_O)        0.146     7.589 r  _prescaler/_contador/segments_OBUF[6]_inst_i_17/O
                         net (fo=1, routed)           0.972     8.561    _minutos/segments_OBUF[6]_inst_i_2
    SLICE_X6Y87          LUT6 (Prop_lut6_I0_O)        0.328     8.889 r  _minutos/segments_OBUF[6]_inst_i_8/O
                         net (fo=1, routed)           0.493     9.382    _prescaler/_contador/segments_OBUF[4]_inst_i_1_2
    SLICE_X3Y87          LUT6 (Prop_lut6_I5_O)        0.124     9.506 r  _prescaler/_contador/segments_OBUF[6]_inst_i_2/O
                         net (fo=7, routed)           0.866    10.372    _prescaler/_contador/segments_OBUF[6]_inst_i_2_n_0
    SLICE_X2Y87          LUT4 (Prop_lut4_I3_O)        0.153    10.525 r  _prescaler/_contador/segments_OBUF[4]_inst_i_1/O
                         net (fo=1, routed)           2.120    12.645    segments_OBUF[4]
    P15                  OBUF (Prop_obuf_I_O)         3.741    16.385 r  segments_OBUF[4]_inst/O
                         net (fo=0)                   0.000    16.385    segments[4]
    P15                                                               r  segments[4] (OUT)
  -------------------------------------------------------------------    -------------------

Slack:                    inf
  Source:                 _prescaler/_contador/counter_reg[19]/C
                            (rising edge-triggered cell FDRE clocked by sys_clk_pin  {rise@0.000ns fall@5.000ns period=10.000ns})
  Destination:            segments[2]
                            (output port)
  Path Group:             (none)
  Path Type:              Max at Slow Process Corner
  Data Path Delay:        10.920ns  (logic 4.671ns (42.774%)  route 6.249ns (57.226%))
  Logic Levels:           5  (LUT3=1 LUT4=1 LUT6=2 OBUF=1)
  Clock Uncertainty:      0.025ns  ((TSJ^2 + TIJ^2)^1/2 + DJ) / 2 + PE
    Total System Jitter     (TSJ):    0.050ns
    Total Input Jitter      (TIJ):    0.000ns
    Discrete Jitter          (DJ):    0.000ns
    Phase Error              (PE):    0.000ns

    Location             Delay type                Incr(ns)  Path(ns)    Netlist Resource(s)
  -------------------------------------------------------------------    -------------------
                         (clock sys_clk_pin rise edge)
                                                      0.000     0.000 r  
    E3                                                0.000     0.000 r  clk (IN)
                         net (fo=0)                   0.000     0.000    clk
    E3                   IBUF (Prop_ibuf_I_O)         1.482     1.482 r  clk_IBUF_inst/O
                         net (fo=1, routed)           2.025     3.506    clk_IBUF
    BUFGCTRL_X0Y16       BUFG (Prop_bufg_I_O)         0.096     3.602 r  clk_IBUF_BUFG_inst/O
                         net (fo=59, routed)          1.724     5.327    _prescaler/_contador/CLK
    SLICE_X3Y92          FDRE                                         r  _prescaler/_contador/counter_reg[19]/C
  -------------------------------------------------------------------    -------------------
    SLICE_X3Y92          FDRE (Prop_fdre_C_Q)         0.456     5.783 f  _prescaler/_contador/counter_reg[19]/Q
                         net (fo=17, routed)          1.660     7.443    _prescaler/_contador/sel0[2]
    SLICE_X2Y87          LUT3 (Prop_lut3_I0_O)        0.146     7.589 r  _prescaler/_contador/segments_OBUF[6]_inst_i_17/O
                         net (fo=1, routed)           0.972     8.561    _minutos/segments_OBUF[6]_inst_i_2
    SLICE_X6Y87          LUT6 (Prop_lut6_I0_O)        0.328     8.889 r  _minutos/segments_OBUF[6]_inst_i_8/O
                         net (fo=1, routed)           0.493     9.382    _prescaler/_contador/segments_OBUF[4]_inst_i_1_2
    SLICE_X3Y87          LUT6 (Prop_lut6_I5_O)        0.124     9.506 r  _prescaler/_contador/segments_OBUF[6]_inst_i_2/O
                         net (fo=7, routed)           1.065    10.571    _prescaler/_contador/segments_OBUF[6]_inst_i_2_n_0
    SLICE_X2Y88          LUT4 (Prop_lut4_I0_O)        0.124    10.695 r  _prescaler/_contador/segments_OBUF[2]_inst_i_1/O
                         net (fo=1, routed)           2.059    12.754    segments_OBUF[2]
    K16                  OBUF (Prop_obuf_I_O)         3.493    16.247 r  segments_OBUF[2]_inst/O
                         net (fo=0)                   0.000    16.247    segments[2]
    K16                                                               r  segments[2] (OUT)
  -------------------------------------------------------------------    -------------------

Slack:                    inf
  Source:                 _prescaler/_contador/counter_reg[19]/C
                            (rising edge-triggered cell FDRE clocked by sys_clk_pin  {rise@0.000ns fall@5.000ns period=10.000ns})
  Destination:            segments[6]
                            (output port)
  Path Group:             (none)
  Path Type:              Max at Slow Process Corner
  Data Path Delay:        10.475ns  (logic 4.715ns (45.014%)  route 5.760ns (54.986%))
  Logic Levels:           5  (LUT3=1 LUT4=1 LUT6=2 OBUF=1)
  Clock Uncertainty:      0.025ns  ((TSJ^2 + TIJ^2)^1/2 + DJ) / 2 + PE
    Total System Jitter     (TSJ):    0.050ns
    Total Input Jitter      (TIJ):    0.000ns
    Discrete Jitter          (DJ):    0.000ns
    Phase Error              (PE):    0.000ns

    Location             Delay type                Incr(ns)  Path(ns)    Netlist Resource(s)
  -------------------------------------------------------------------    -------------------
                         (clock sys_clk_pin rise edge)
                                                      0.000     0.000 r  
    E3                                                0.000     0.000 r  clk (IN)
                         net (fo=0)                   0.000     0.000    clk
    E3                   IBUF (Prop_ibuf_I_O)         1.482     1.482 r  clk_IBUF_inst/O
                         net (fo=1, routed)           2.025     3.506    clk_IBUF
    BUFGCTRL_X0Y16       BUFG (Prop_bufg_I_O)         0.096     3.602 r  clk_IBUF_BUFG_inst/O
                         net (fo=59, routed)          1.724     5.327    _prescaler/_contador/CLK
    SLICE_X3Y92          FDRE                                         r  _prescaler/_contador/counter_reg[19]/C
  -------------------------------------------------------------------    -------------------
    SLICE_X3Y92          FDRE (Prop_fdre_C_Q)         0.456     5.783 f  _prescaler/_contador/counter_reg[19]/Q
                         net (fo=17, routed)          1.660     7.443    _prescaler/_contador/sel0[2]
    SLICE_X2Y87          LUT3 (Prop_lut3_I0_O)        0.146     7.589 r  _prescaler/_contador/segments_OBUF[6]_inst_i_17/O
                         net (fo=1, routed)           0.972     8.561    _minutos/segments_OBUF[6]_inst_i_2
    SLICE_X6Y87          LUT6 (Prop_lut6_I0_O)        0.328     8.889 r  _minutos/segments_OBUF[6]_inst_i_8/O
                         net (fo=1, routed)           0.493     9.382    _prescaler/_contador/segments_OBUF[4]_inst_i_1_2
    SLICE_X3Y87          LUT6 (Prop_lut6_I5_O)        0.124     9.506 r  _prescaler/_contador/segments_OBUF[6]_inst_i_2/O
                         net (fo=7, routed)           0.902    10.408    _prescaler/_contador/segments_OBUF[6]_inst_i_2_n_0
    SLICE_X2Y88          LUT4 (Prop_lut4_I0_O)        0.124    10.532 r  _prescaler/_contador/segments_OBUF[6]_inst_i_1/O
                         net (fo=1, routed)           1.732    12.265    segments_OBUF[6]
    L18                  OBUF (Prop_obuf_I_O)         3.537    15.802 r  segments_OBUF[6]_inst/O
                         net (fo=0)                   0.000    15.802    segments[6]
    L18                                                               r  segments[6] (OUT)
  -------------------------------------------------------------------    -------------------

Slack:                    inf
  Source:                 _prescaler/_contador/counter_reg[18]/C
                            (rising edge-triggered cell FDRE clocked by sys_clk_pin  {rise@0.000ns fall@5.000ns period=10.000ns})
  Destination:            anodes[6]
                            (output port)
  Path Group:             (none)
  Path Type:              Max at Slow Process Corner
  Data Path Delay:        9.522ns  (logic 4.328ns (45.448%)  route 5.194ns (54.552%))
  Logic Levels:           2  (LUT3=1 OBUF=1)
  Clock Uncertainty:      0.025ns  ((TSJ^2 + TIJ^2)^1/2 + DJ) / 2 + PE
    Total System Jitter     (TSJ):    0.050ns
    Total Input Jitter      (TIJ):    0.000ns
    Discrete Jitter          (DJ):    0.000ns
    Phase Error              (PE):    0.000ns

    Location             Delay type                Incr(ns)  Path(ns)    Netlist Resource(s)
  -------------------------------------------------------------------    -------------------
                         (clock sys_clk_pin rise edge)
                                                      0.000     0.000 r  
    E3                                                0.000     0.000 r  clk (IN)
                         net (fo=0)                   0.000     0.000    clk
    E3                   IBUF (Prop_ibuf_I_O)         1.482     1.482 r  clk_IBUF_inst/O
                         net (fo=1, routed)           2.025     3.506    clk_IBUF
    BUFGCTRL_X0Y16       BUFG (Prop_bufg_I_O)         0.096     3.602 r  clk_IBUF_BUFG_inst/O
                         net (fo=59, routed)          1.724     5.327    _prescaler/_contador/CLK
    SLICE_X3Y92          FDRE                                         r  _prescaler/_contador/counter_reg[18]/C
  -------------------------------------------------------------------    -------------------
    SLICE_X3Y92          FDRE (Prop_fdre_C_Q)         0.456     5.783 r  _prescaler/_contador/counter_reg[18]/Q
                         net (fo=21, routed)          0.823     6.606    _prescaler/_contador/S[1]
    SLICE_X4Y92          LUT3 (Prop_lut3_I0_O)        0.152     6.758 r  _prescaler/_contador/anodes_OBUF[6]_inst_i_1/O
                         net (fo=1, routed)           4.371    11.129    anodes_OBUF[6]
    K2                   OBUF (Prop_obuf_I_O)         3.720    14.849 r  anodes_OBUF[6]_inst/O
                         net (fo=0)                   0.000    14.849    anodes[6]
    K2                                                                r  anodes[6] (OUT)
  -------------------------------------------------------------------    -------------------

Slack:                    inf
  Source:                 _prescaler/_contador/counter_reg[19]/C
                            (rising edge-triggered cell FDRE clocked by sys_clk_pin  {rise@0.000ns fall@5.000ns period=10.000ns})
  Destination:            anodes[7]
                            (output port)
  Path Group:             (none)
  Path Type:              Max at Slow Process Corner
  Data Path Delay:        9.124ns  (logic 4.390ns (48.117%)  route 4.734ns (51.883%))
  Logic Levels:           2  (LUT3=1 OBUF=1)
  Clock Uncertainty:      0.025ns  ((TSJ^2 + TIJ^2)^1/2 + DJ) / 2 + PE
    Total System Jitter     (TSJ):    0.050ns
    Total Input Jitter      (TIJ):    0.000ns
    Discrete Jitter          (DJ):    0.000ns
    Phase Error              (PE):    0.000ns

    Location             Delay type                Incr(ns)  Path(ns)    Netlist Resource(s)
  -------------------------------------------------------------------    -------------------
                         (clock sys_clk_pin rise edge)
                                                      0.000     0.000 r  
    E3                                                0.000     0.000 r  clk (IN)
                         net (fo=0)                   0.000     0.000    clk
    E3                   IBUF (Prop_ibuf_I_O)         1.482     1.482 r  clk_IBUF_inst/O
                         net (fo=1, routed)           2.025     3.506    clk_IBUF
    BUFGCTRL_X0Y16       BUFG (Prop_bufg_I_O)         0.096     3.602 r  clk_IBUF_BUFG_inst/O
                         net (fo=59, routed)          1.724     5.327    _prescaler/_contador/CLK
    SLICE_X3Y92          FDRE                                         r  _prescaler/_contador/counter_reg[19]/C
  -------------------------------------------------------------------    -------------------
    SLICE_X3Y92          FDRE (Prop_fdre_C_Q)         0.456     5.783 r  _prescaler/_contador/counter_reg[19]/Q
                         net (fo=17, routed)          1.945     7.727    _prescaler/_contador/sel0[2]
    SLICE_X2Y87          LUT3 (Prop_lut3_I2_O)        0.150     7.877 r  _prescaler/_contador/anodes_OBUF[7]_inst_i_1/O
                         net (fo=1, routed)           2.789    10.667    anodes_OBUF[7]
    U13                  OBUF (Prop_obuf_I_O)         3.784    14.451 r  anodes_OBUF[7]_inst/O
                         net (fo=0)                   0.000    14.451    anodes[7]
    U13                                                               r  anodes[7] (OUT)
  -------------------------------------------------------------------    -------------------

Slack:                    inf
  Source:                 _prescaler/_contador/counter_reg[19]/C
                            (rising edge-triggered cell FDRE clocked by sys_clk_pin  {rise@0.000ns fall@5.000ns period=10.000ns})
  Destination:            anodes[2]
                            (output port)
  Path Group:             (none)
  Path Type:              Max at Slow Process Corner
  Data Path Delay:        8.448ns  (logic 4.154ns (49.174%)  route 4.294ns (50.826%))
  Logic Levels:           2  (LUT3=1 OBUF=1)
  Clock Uncertainty:      0.025ns  ((TSJ^2 + TIJ^2)^1/2 + DJ) / 2 + PE
    Total System Jitter     (TSJ):    0.050ns
    Total Input Jitter      (TIJ):    0.000ns
    Discrete Jitter          (DJ):    0.000ns
    Phase Error              (PE):    0.000ns

    Location             Delay type                Incr(ns)  Path(ns)    Netlist Resource(s)
  -------------------------------------------------------------------    -------------------
                         (clock sys_clk_pin rise edge)
                                                      0.000     0.000 r  
    E3                                                0.000     0.000 r  clk (IN)
                         net (fo=0)                   0.000     0.000    clk
    E3                   IBUF (Prop_ibuf_I_O)         1.482     1.482 r  clk_IBUF_inst/O
                         net (fo=1, routed)           2.025     3.506    clk_IBUF
    BUFGCTRL_X0Y16       BUFG (Prop_bufg_I_O)         0.096     3.602 r  clk_IBUF_BUFG_inst/O
                         net (fo=59, routed)          1.724     5.327    _prescaler/_contador/CLK
    SLICE_X3Y92          FDRE                                         r  _prescaler/_contador/counter_reg[19]/C
  -------------------------------------------------------------------    -------------------
    SLICE_X3Y92          FDRE (Prop_fdre_C_Q)         0.456     5.783 f  _prescaler/_contador/counter_reg[19]/Q
                         net (fo=17, routed)          1.660     7.443    _prescaler/_contador/sel0[2]
    SLICE_X2Y87          LUT3 (Prop_lut3_I2_O)        0.124     7.567 r  _prescaler/_contador/anodes_OBUF[2]_inst_i_1/O
                         net (fo=1, routed)           2.634    10.201    anodes_OBUF[2]
    T9                   OBUF (Prop_obuf_I_O)         3.574    13.775 r  anodes_OBUF[2]_inst/O
                         net (fo=0)                   0.000    13.775    anodes[2]
    T9                                                                r  anodes[2] (OUT)
  -------------------------------------------------------------------    -------------------





Min Delay Paths
--------------------------------------------------------------------------------------
Slack:                    inf
  Source:                 _prescaler/_contador/counter_reg[17]/C
                            (rising edge-triggered cell FDRE clocked by sys_clk_pin  {rise@0.000ns fall@5.000ns period=10.000ns})
  Destination:            anodes[1]
                            (output port)
  Path Group:             (none)
  Path Type:              Min at Fast Process Corner
  Data Path Delay:        2.163ns  (logic 1.422ns (65.769%)  route 0.740ns (34.231%))
  Logic Levels:           2  (LUT3=1 OBUF=1)
  Clock Uncertainty:      0.025ns  ((TSJ^2 + TIJ^2)^1/2 + DJ) / 2 + PE
    Total System Jitter     (TSJ):    0.050ns
    Total Input Jitter      (TIJ):    0.000ns
    Discrete Jitter          (DJ):    0.000ns
    Phase Error              (PE):    0.000ns

    Location             Delay type                Incr(ns)  Path(ns)    Netlist Resource(s)
  -------------------------------------------------------------------    -------------------
                         (clock sys_clk_pin rise edge)
                                                      0.000     0.000 r  
    E3                                                0.000     0.000 r  clk (IN)
                         net (fo=0)                   0.000     0.000    clk
    E3                   IBUF (Prop_ibuf_I_O)         0.250     0.250 r  clk_IBUF_inst/O
                         net (fo=1, routed)           0.644     0.894    clk_IBUF
    BUFGCTRL_X0Y16       BUFG (Prop_bufg_I_O)         0.026     0.920 r  clk_IBUF_BUFG_inst/O
                         net (fo=59, routed)          0.603     1.522    _prescaler/_contador/CLK
    SLICE_X3Y92          FDRE                                         r  _prescaler/_contador/counter_reg[17]/C
  -------------------------------------------------------------------    -------------------
    SLICE_X3Y92          FDRE (Prop_fdre_C_Q)         0.141     1.663 r  _prescaler/_contador/counter_reg[17]/Q
                         net (fo=22, routed)          0.260     1.923    _prescaler/_contador/S[0]
    SLICE_X4Y92          LUT3 (Prop_lut3_I1_O)        0.045     1.968 r  _prescaler/_contador/anodes_OBUF[1]_inst_i_1/O
                         net (fo=1, routed)           0.481     2.449    anodes_OBUF[1]
    J18                  OBUF (Prop_obuf_I_O)         1.236     3.685 r  anodes_OBUF[1]_inst/O
                         net (fo=0)                   0.000     3.685    anodes[1]
    J18                                                               r  anodes[1] (OUT)
  -------------------------------------------------------------------    -------------------

Slack:                    inf
  Source:                 _prescaler/_contador/counter_reg[17]/C
                            (rising edge-triggered cell FDRE clocked by sys_clk_pin  {rise@0.000ns fall@5.000ns period=10.000ns})
  Destination:            anodes[0]
                            (output port)
  Path Group:             (none)
  Path Type:              Min at Fast Process Corner
  Data Path Delay:        2.180ns  (logic 1.489ns (68.328%)  route 0.690ns (31.672%))
  Logic Levels:           2  (LUT3=1 OBUF=1)
  Clock Uncertainty:      0.025ns  ((TSJ^2 + TIJ^2)^1/2 + DJ) / 2 + PE
    Total System Jitter     (TSJ):    0.050ns
    Total Input Jitter      (TIJ):    0.000ns
    Discrete Jitter          (DJ):    0.000ns
    Phase Error              (PE):    0.000ns

    Location             Delay type                Incr(ns)  Path(ns)    Netlist Resource(s)
  -------------------------------------------------------------------    -------------------
                         (clock sys_clk_pin rise edge)
                                                      0.000     0.000 r  
    E3                                                0.000     0.000 r  clk (IN)
                         net (fo=0)                   0.000     0.000    clk
    E3                   IBUF (Prop_ibuf_I_O)         0.250     0.250 r  clk_IBUF_inst/O
                         net (fo=1, routed)           0.644     0.894    clk_IBUF
    BUFGCTRL_X0Y16       BUFG (Prop_bufg_I_O)         0.026     0.920 r  clk_IBUF_BUFG_inst/O
                         net (fo=59, routed)          0.603     1.522    _prescaler/_contador/CLK
    SLICE_X3Y92          FDRE                                         r  _prescaler/_contador/counter_reg[17]/C
  -------------------------------------------------------------------    -------------------
    SLICE_X3Y92          FDRE (Prop_fdre_C_Q)         0.141     1.663 f  _prescaler/_contador/counter_reg[17]/Q
                         net (fo=22, routed)          0.164     1.828    _prescaler/_contador/S[0]
    SLICE_X2Y92          LUT3 (Prop_lut3_I2_O)        0.046     1.874 r  _prescaler/_contador/anodes_OBUF[0]_inst_i_1/O
                         net (fo=1, routed)           0.526     2.400    anodes_OBUF[0]
    J17                  OBUF (Prop_obuf_I_O)         1.302     3.702 r  anodes_OBUF[0]_inst/O
                         net (fo=0)                   0.000     3.702    anodes[0]
    J17                                                               r  anodes[0] (OUT)
  -------------------------------------------------------------------    -------------------

Slack:                    inf
  Source:                 _prescaler/_contador/counter_reg[17]/C
                            (rising edge-triggered cell FDRE clocked by sys_clk_pin  {rise@0.000ns fall@5.000ns period=10.000ns})
  Destination:            anodes[3]
                            (output port)
  Path Group:             (none)
  Path Type:              Min at Fast Process Corner
  Data Path Delay:        2.209ns  (logic 1.439ns (65.120%)  route 0.771ns (34.880%))
  Logic Levels:           2  (LUT3=1 OBUF=1)
  Clock Uncertainty:      0.025ns  ((TSJ^2 + TIJ^2)^1/2 + DJ) / 2 + PE
    Total System Jitter     (TSJ):    0.050ns
    Total Input Jitter      (TIJ):    0.000ns
    Discrete Jitter          (DJ):    0.000ns
    Phase Error              (PE):    0.000ns

    Location             Delay type                Incr(ns)  Path(ns)    Netlist Resource(s)
  -------------------------------------------------------------------    -------------------
                         (clock sys_clk_pin rise edge)
                                                      0.000     0.000 r  
    E3                                                0.000     0.000 r  clk (IN)
                         net (fo=0)                   0.000     0.000    clk
    E3                   IBUF (Prop_ibuf_I_O)         0.250     0.250 r  clk_IBUF_inst/O
                         net (fo=1, routed)           0.644     0.894    clk_IBUF
    BUFGCTRL_X0Y16       BUFG (Prop_bufg_I_O)         0.026     0.920 r  clk_IBUF_BUFG_inst/O
                         net (fo=59, routed)          0.603     1.522    _prescaler/_contador/CLK
    SLICE_X3Y92          FDRE                                         r  _prescaler/_contador/counter_reg[17]/C
  -------------------------------------------------------------------    -------------------
    SLICE_X3Y92          FDRE (Prop_fdre_C_Q)         0.141     1.663 r  _prescaler/_contador/counter_reg[17]/Q
                         net (fo=22, routed)          0.164     1.828    _prescaler/_contador/S[0]
    SLICE_X2Y92          LUT3 (Prop_lut3_I0_O)        0.045     1.873 r  _prescaler/_contador/anodes_OBUF[3]_inst_i_1/O
                         net (fo=1, routed)           0.606     2.479    anodes_OBUF[3]
    J14                  OBUF (Prop_obuf_I_O)         1.253     3.732 r  anodes_OBUF[3]_inst/O
                         net (fo=0)                   0.000     3.732    anodes[3]
    J14                                                               r  anodes[3] (OUT)
  -------------------------------------------------------------------    -------------------

Slack:                    inf
  Source:                 _centesimas/counter_reg[1]/C
                            (rising edge-triggered cell FDRE clocked by sys_clk_pin  {rise@0.000ns fall@5.000ns period=10.000ns})
  Destination:            segments[6]
                            (output port)
  Path Group:             (none)
  Path Type:              Min at Fast Process Corner
  Data Path Delay:        2.392ns  (logic 1.510ns (63.145%)  route 0.881ns (36.855%))
  Logic Levels:           3  (LUT4=1 LUT6=1 OBUF=1)
  Clock Uncertainty:      0.025ns  ((TSJ^2 + TIJ^2)^1/2 + DJ) / 2 + PE
    Total System Jitter     (TSJ):    0.050ns
    Total Input Jitter      (TIJ):    0.000ns
    Discrete Jitter          (DJ):    0.000ns
    Phase Error              (PE):    0.000ns

    Location             Delay type                Incr(ns)  Path(ns)    Netlist Resource(s)
  -------------------------------------------------------------------    -------------------
                         (clock sys_clk_pin rise edge)
                                                      0.000     0.000 r  
    E3                                                0.000     0.000 r  clk (IN)
                         net (fo=0)                   0.000     0.000    clk
    E3                   IBUF (Prop_ibuf_I_O)         0.250     0.250 r  clk_IBUF_inst/O
                         net (fo=1, routed)           0.644     0.894    clk_IBUF
    BUFGCTRL_X0Y16       BUFG (Prop_bufg_I_O)         0.026     0.920 r  clk_IBUF_BUFG_inst/O
                         net (fo=59, routed)          0.599     1.518    _centesimas/CLK
    SLICE_X4Y86          FDRE                                         r  _centesimas/counter_reg[1]/C
  -------------------------------------------------------------------    -------------------
    SLICE_X4Y86          FDRE (Prop_fdre_C_Q)         0.128     1.646 r  _centesimas/counter_reg[1]/Q
                         net (fo=9, routed)           0.209     1.855    _prescaler/_contador/Q[1]
    SLICE_X3Y87          LUT6 (Prop_lut6_I4_O)        0.099     1.954 r  _prescaler/_contador/segments_OBUF[6]_inst_i_5/O
                         net (fo=7, routed)           0.301     2.255    _prescaler/_contador/segments_OBUF[6]_inst_i_5_n_0
    SLICE_X2Y88          LUT4 (Prop_lut4_I3_O)        0.045     2.300 r  _prescaler/_contador/segments_OBUF[6]_inst_i_1/O
                         net (fo=1, routed)           0.371     2.672    segments_OBUF[6]
    L18                  OBUF (Prop_obuf_I_O)         1.238     3.910 r  segments_OBUF[6]_inst/O
                         net (fo=0)                   0.000     3.910    segments[6]
    L18                                                               r  segments[6] (OUT)
  -------------------------------------------------------------------    -------------------

Slack:                    inf
  Source:                 _prescaler/_contador/counter_reg[18]/C
                            (rising edge-triggered cell FDRE clocked by sys_clk_pin  {rise@0.000ns fall@5.000ns period=10.000ns})
  Destination:            anodes[4]
                            (output port)
  Path Group:             (none)
  Path Type:              Min at Fast Process Corner
  Data Path Delay:        2.407ns  (logic 1.437ns (59.675%)  route 0.971ns (40.325%))
  Logic Levels:           2  (LUT3=1 OBUF=1)
  Clock Uncertainty:      0.025ns  ((TSJ^2 + TIJ^2)^1/2 + DJ) / 2 + PE
    Total System Jitter     (TSJ):    0.050ns
    Total Input Jitter      (TIJ):    0.000ns
    Discrete Jitter          (DJ):    0.000ns
    Phase Error              (PE):    0.000ns

    Location             Delay type                Incr(ns)  Path(ns)    Netlist Resource(s)
  -------------------------------------------------------------------    -------------------
                         (clock sys_clk_pin rise edge)
                                                      0.000     0.000 r  
    E3                                                0.000     0.000 r  clk (IN)
                         net (fo=0)                   0.000     0.000    clk
    E3                   IBUF (Prop_ibuf_I_O)         0.250     0.250 r  clk_IBUF_inst/O
                         net (fo=1, routed)           0.644     0.894    clk_IBUF
    BUFGCTRL_X0Y16       BUFG (Prop_bufg_I_O)         0.026     0.920 r  clk_IBUF_BUFG_inst/O
                         net (fo=59, routed)          0.603     1.522    _prescaler/_contador/CLK
    SLICE_X3Y92          FDRE                                         r  _prescaler/_contador/counter_reg[18]/C
  -------------------------------------------------------------------    -------------------
    SLICE_X3Y92          FDRE (Prop_fdre_C_Q)         0.141     1.663 f  _prescaler/_contador/counter_reg[18]/Q
                         net (fo=21, routed)          0.599     2.263    _prescaler/_contador/S[1]
    SLICE_X2Y87          LUT3 (Prop_lut3_I2_O)        0.045     2.308 r  _prescaler/_contador/anodes_OBUF[4]_inst_i_1/O
                         net (fo=1, routed)           0.371     2.679    anodes_OBUF[4]
    P14                  OBUF (Prop_obuf_I_O)         1.251     3.930 r  anodes_OBUF[4]_inst/O
                         net (fo=0)                   0.000     3.930    anodes[4]
    P14                                                               r  anodes[4] (OUT)
  -------------------------------------------------------------------    -------------------

Slack:                    inf
  Source:                 _centesimas/counter_reg[1]/C
                            (rising edge-triggered cell FDRE clocked by sys_clk_pin  {rise@0.000ns fall@5.000ns period=10.000ns})
  Destination:            segments[2]
                            (output port)
  Path Group:             (none)
  Path Type:              Min at Fast Process Corner
  Data Path Delay:        2.482ns  (logic 1.466ns (59.075%)  route 1.016ns (40.925%))
  Logic Levels:           3  (LUT4=1 LUT6=1 OBUF=1)
  Clock Uncertainty:      0.025ns  ((TSJ^2 + TIJ^2)^1/2 + DJ) / 2 + PE
    Total System Jitter     (TSJ):    0.050ns
    Total Input Jitter      (TIJ):    0.000ns
    Discrete Jitter          (DJ):    0.000ns
    Phase Error              (PE):    0.000ns

    Location             Delay type                Incr(ns)  Path(ns)    Netlist Resource(s)
  -------------------------------------------------------------------    -------------------
                         (clock sys_clk_pin rise edge)
                                                      0.000     0.000 r  
    E3                                                0.000     0.000 r  clk (IN)
                         net (fo=0)                   0.000     0.000    clk
    E3                   IBUF (Prop_ibuf_I_O)         0.250     0.250 r  clk_IBUF_inst/O
                         net (fo=1, routed)           0.644     0.894    clk_IBUF
    BUFGCTRL_X0Y16       BUFG (Prop_bufg_I_O)         0.026     0.920 r  clk_IBUF_BUFG_inst/O
                         net (fo=59, routed)          0.599     1.518    _centesimas/CLK
    SLICE_X4Y86          FDRE                                         r  _centesimas/counter_reg[1]/C
  -------------------------------------------------------------------    -------------------
    SLICE_X4Y86          FDRE (Prop_fdre_C_Q)         0.128     1.646 r  _centesimas/counter_reg[1]/Q
                         net (fo=9, routed)           0.209     1.855    _prescaler/_contador/Q[1]
    SLICE_X3Y87          LUT6 (Prop_lut6_I4_O)        0.099     1.954 r  _prescaler/_contador/segments_OBUF[6]_inst_i_5/O
                         net (fo=7, routed)           0.310     2.265    _prescaler/_contador/segments_OBUF[6]_inst_i_5_n_0
    SLICE_X2Y88          LUT4 (Prop_lut4_I1_O)        0.045     2.310 r  _prescaler/_contador/segments_OBUF[2]_inst_i_1/O
                         net (fo=1, routed)           0.497     2.806    segments_OBUF[2]
    K16                  OBUF (Prop_obuf_I_O)         1.194     4.000 r  segments_OBUF[2]_inst/O
                         net (fo=0)                   0.000     4.000    segments[2]
    K16                                                               r  segments[2] (OUT)
  -------------------------------------------------------------------    -------------------

Slack:                    inf
  Source:                 _centesimas/counter_reg[1]/C
                            (rising edge-triggered cell FDRE clocked by sys_clk_pin  {rise@0.000ns fall@5.000ns period=10.000ns})
  Destination:            segments[4]
                            (output port)
  Path Group:             (none)
  Path Type:              Min at Fast Process Corner
  Data Path Delay:        2.561ns  (logic 1.574ns (61.482%)  route 0.986ns (38.518%))
  Logic Levels:           3  (LUT4=1 LUT6=1 OBUF=1)
  Clock Uncertainty:      0.025ns  ((TSJ^2 + TIJ^2)^1/2 + DJ) / 2 + PE
    Total System Jitter     (TSJ):    0.050ns
    Total Input Jitter      (TIJ):    0.000ns
    Discrete Jitter          (DJ):    0.000ns
    Phase Error              (PE):    0.000ns

    Location             Delay type                Incr(ns)  Path(ns)    Netlist Resource(s)
  -------------------------------------------------------------------    -------------------
                         (clock sys_clk_pin rise edge)
                                                      0.000     0.000 r  
    E3                                                0.000     0.000 r  clk (IN)
                         net (fo=0)                   0.000     0.000    clk
    E3                   IBUF (Prop_ibuf_I_O)         0.250     0.250 r  clk_IBUF_inst/O
                         net (fo=1, routed)           0.644     0.894    clk_IBUF
    BUFGCTRL_X0Y16       BUFG (Prop_bufg_I_O)         0.026     0.920 r  clk_IBUF_BUFG_inst/O
                         net (fo=59, routed)          0.599     1.518    _centesimas/CLK
    SLICE_X4Y86          FDRE                                         r  _centesimas/counter_reg[1]/C
  -------------------------------------------------------------------    -------------------
    SLICE_X4Y86          FDRE (Prop_fdre_C_Q)         0.128     1.646 r  _centesimas/counter_reg[1]/Q
                         net (fo=9, routed)           0.209     1.855    _prescaler/_contador/Q[1]
    SLICE_X3Y87          LUT6 (Prop_lut6_I4_O)        0.099     1.954 r  _prescaler/_contador/segments_OBUF[6]_inst_i_5/O
                         net (fo=7, routed)           0.246     2.200    _prescaler/_contador/segments_OBUF[6]_inst_i_5_n_0
    SLICE_X2Y87          LUT4 (Prop_lut4_I1_O)        0.045     2.245 r  _prescaler/_contador/segments_OBUF[4]_inst_i_1/O
                         net (fo=1, routed)           0.531     2.777    segments_OBUF[4]
    P15                  OBUF (Prop_obuf_I_O)         1.302     4.079 r  segments_OBUF[4]_inst/O
                         net (fo=0)                   0.000     4.079    segments[4]
    P15                                                               r  segments[4] (OUT)
  -------------------------------------------------------------------    -------------------

Slack:                    inf
  Source:                 _prescaler/_contador/counter_reg[18]/C
                            (rising edge-triggered cell FDRE clocked by sys_clk_pin  {rise@0.000ns fall@5.000ns period=10.000ns})
  Destination:            anodes[5]
                            (output port)
  Path Group:             (none)
  Path Type:              Min at Fast Process Corner
  Data Path Delay:        2.733ns  (logic 1.509ns (55.220%)  route 1.224ns (44.780%))
  Logic Levels:           2  (LUT3=1 OBUF=1)
  Clock Uncertainty:      0.025ns  ((TSJ^2 + TIJ^2)^1/2 + DJ) / 2 + PE
    Total System Jitter     (TSJ):    0.050ns
    Total Input Jitter      (TIJ):    0.000ns
    Discrete Jitter          (DJ):    0.000ns
    Phase Error              (PE):    0.000ns

    Location             Delay type                Incr(ns)  Path(ns)    Netlist Resource(s)
  -------------------------------------------------------------------    -------------------
                         (clock sys_clk_pin rise edge)
                                                      0.000     0.000 r  
    E3                                                0.000     0.000 r  clk (IN)
                         net (fo=0)                   0.000     0.000    clk
    E3                   IBUF (Prop_ibuf_I_O)         0.250     0.250 r  clk_IBUF_inst/O
                         net (fo=1, routed)           0.644     0.894    clk_IBUF
    BUFGCTRL_X0Y16       BUFG (Prop_bufg_I_O)         0.026     0.920 r  clk_IBUF_BUFG_inst/O
                         net (fo=59, routed)          0.603     1.522    _prescaler/_contador/CLK
    SLICE_X3Y92          FDRE                                         r  _prescaler/_contador/counter_reg[18]/C
  -------------------------------------------------------------------    -------------------
    SLICE_X3Y92          FDRE (Prop_fdre_C_Q)         0.141     1.663 f  _prescaler/_contador/counter_reg[18]/Q
                         net (fo=21, routed)          0.599     2.263    _prescaler/_contador/S[1]
    SLICE_X2Y87          LUT3 (Prop_lut3_I2_O)        0.043     2.306 r  _prescaler/_contador/anodes_OBUF[5]_inst_i_1/O
                         net (fo=1, routed)           0.624     2.930    anodes_OBUF[5]
    T14                  OBUF (Prop_obuf_I_O)         1.325     4.256 r  anodes_OBUF[5]_inst/O
                         net (fo=0)                   0.000     4.256    anodes[5]
    T14                                                               r  anodes[5] (OUT)
  -------------------------------------------------------------------    -------------------

Slack:                    inf
  Source:                 _centesimas/counter_reg[1]/C
                            (rising edge-triggered cell FDRE clocked by sys_clk_pin  {rise@0.000ns fall@5.000ns period=10.000ns})
  Destination:            segments[3]
                            (output port)
  Path Group:             (none)
  Path Type:              Min at Fast Process Corner
  Data Path Delay:        2.738ns  (logic 1.523ns (55.617%)  route 1.215ns (44.383%))
  Logic Levels:           3  (LUT4=1 LUT6=1 OBUF=1)
  Clock Uncertainty:      0.025ns  ((TSJ^2 + TIJ^2)^1/2 + DJ) / 2 + PE
    Total System Jitter     (TSJ):    0.050ns
    Total Input Jitter      (TIJ):    0.000ns
    Discrete Jitter          (DJ):    0.000ns
    Phase Error              (PE):    0.000ns

    Location             Delay type                Incr(ns)  Path(ns)    Netlist Resource(s)
  -------------------------------------------------------------------    -------------------
                         (clock sys_clk_pin rise edge)
                                                      0.000     0.000 r  
    E3                                                0.000     0.000 r  clk (IN)
                         net (fo=0)                   0.000     0.000    clk
    E3                   IBUF (Prop_ibuf_I_O)         0.250     0.250 r  clk_IBUF_inst/O
                         net (fo=1, routed)           0.644     0.894    clk_IBUF
    BUFGCTRL_X0Y16       BUFG (Prop_bufg_I_O)         0.026     0.920 r  clk_IBUF_BUFG_inst/O
                         net (fo=59, routed)          0.599     1.518    _centesimas/CLK
    SLICE_X4Y86          FDRE                                         r  _centesimas/counter_reg[1]/C
  -------------------------------------------------------------------    -------------------
    SLICE_X4Y86          FDRE (Prop_fdre_C_Q)         0.128     1.646 r  _centesimas/counter_reg[1]/Q
                         net (fo=9, routed)           0.209     1.855    _prescaler/_contador/Q[1]
    SLICE_X3Y87          LUT6 (Prop_lut6_I4_O)        0.099     1.954 r  _prescaler/_contador/segments_OBUF[6]_inst_i_5/O
                         net (fo=7, routed)           0.308     2.263    _prescaler/_contador/segments_OBUF[6]_inst_i_5_n_0
    SLICE_X2Y88          LUT4 (Prop_lut4_I1_O)        0.045     2.308 r  _prescaler/_contador/segments_OBUF[3]_inst_i_1/O
                         net (fo=1, routed)           0.698     3.006    segments_OBUF[3]
    K13                  OBUF (Prop_obuf_I_O)         1.251     4.257 r  segments_OBUF[3]_inst/O
                         net (fo=0)                   0.000     4.257    segments[3]
    K13                                                               r  segments[3] (OUT)
  -------------------------------------------------------------------    -------------------

Slack:                    inf
  Source:                 _prescaler/_contador/counter_reg[18]/C
                            (rising edge-triggered cell FDRE clocked by sys_clk_pin  {rise@0.000ns fall@5.000ns period=10.000ns})
  Destination:            anodes[2]
                            (output port)
  Path Group:             (none)
  Path Type:              Min at Fast Process Corner
  Data Path Delay:        2.777ns  (logic 1.461ns (52.606%)  route 1.316ns (47.394%))
  Logic Levels:           2  (LUT3=1 OBUF=1)
  Clock Uncertainty:      0.025ns  ((TSJ^2 + TIJ^2)^1/2 + DJ) / 2 + PE
    Total System Jitter     (TSJ):    0.050ns
    Total Input Jitter      (TIJ):    0.000ns
    Discrete Jitter          (DJ):    0.000ns
    Phase Error              (PE):    0.000ns

    Location             Delay type                Incr(ns)  Path(ns)    Netlist Resource(s)
  -------------------------------------------------------------------    -------------------
                         (clock sys_clk_pin rise edge)
                                                      0.000     0.000 r  
    E3                                                0.000     0.000 r  clk (IN)
                         net (fo=0)                   0.000     0.000    clk
    E3                   IBUF (Prop_ibuf_I_O)         0.250     0.250 r  clk_IBUF_inst/O
                         net (fo=1, routed)           0.644     0.894    clk_IBUF
    BUFGCTRL_X0Y16       BUFG (Prop_bufg_I_O)         0.026     0.920 r  clk_IBUF_BUFG_inst/O
                         net (fo=59, routed)          0.603     1.522    _prescaler/_contador/CLK
    SLICE_X3Y92          FDRE                                         r  _prescaler/_contador/counter_reg[18]/C
  -------------------------------------------------------------------    -------------------
    SLICE_X3Y92          FDRE (Prop_fdre_C_Q)         0.141     1.663 r  _prescaler/_contador/counter_reg[18]/Q
                         net (fo=21, routed)          0.599     2.263    _prescaler/_contador/S[1]
    SLICE_X2Y87          LUT3 (Prop_lut3_I1_O)        0.045     2.308 r  _prescaler/_contador/anodes_OBUF[2]_inst_i_1/O
                         net (fo=1, routed)           0.717     3.024    anodes_OBUF[2]
    T9                   OBUF (Prop_obuf_I_O)         1.275     4.299 r  anodes_OBUF[2]_inst/O
                         net (fo=0)                   0.000     4.299    anodes[2]
    T9                                                                r  anodes[2] (OUT)
  -------------------------------------------------------------------    -------------------





--------------------------------------------------------------------------------------
Path Group:  (none)
From Clock:  
  To Clock:  sys_clk_pin

Max Delay            59 Endpoints
Min Delay            59 Endpoints
--------------------------------------------------------------------------------------


Max Delay Paths
--------------------------------------------------------------------------------------
Slack:                    inf
  Source:                 rst
                            (input port)
  Destination:            _prescaler/_contador/counter_reg[16]/R
                            (rising edge-triggered cell FDRE clocked by sys_clk_pin  {rise@0.000ns fall@5.000ns period=10.000ns})
  Path Group:             (none)
  Path Type:              Setup (Max at Slow Process Corner)
  Data Path Delay:        4.067ns  (logic 1.477ns (36.311%)  route 2.590ns (63.689%))
  Logic Levels:           1  (IBUF=1)
  Clock Path Skew:        5.027ns (DCD - SCD + CPR)
    Destination Clock Delay (DCD):    5.027ns
    Source Clock Delay      (SCD):    0.000ns
    Clock Pessimism Removal (CPR):    0.000ns
  Clock Uncertainty:      0.025ns  ((TSJ^2 + TIJ^2)^1/2 + DJ) / 2 + PE
    Total System Jitter     (TSJ):    0.050ns
    Total Input Jitter      (TIJ):    0.000ns
    Discrete Jitter          (DJ):    0.000ns
    Phase Error              (PE):    0.000ns

    Location             Delay type                Incr(ns)  Path(ns)    Netlist Resource(s)
  -------------------------------------------------------------------    -------------------
    N17                                               0.000     0.000 r  rst (IN)
                         net (fo=0)                   0.000     0.000    rst
    N17                  IBUF (Prop_ibuf_I_O)         1.477     1.477 r  rst_IBUF_inst/O
                         net (fo=40, routed)          2.590     4.067    _prescaler/_contador/SR[0]
    SLICE_X3Y92          FDRE                                         r  _prescaler/_contador/counter_reg[16]/R
  -------------------------------------------------------------------    -------------------

                         (clock sys_clk_pin rise edge)
                                                      0.000     0.000 r  
    E3                                                0.000     0.000 r  clk (IN)
                         net (fo=0)                   0.000     0.000    clk
    E3                   IBUF (Prop_ibuf_I_O)         1.411     1.411 r  clk_IBUF_inst/O
                         net (fo=1, routed)           1.920     3.331    clk_IBUF
    BUFGCTRL_X0Y16       BUFG (Prop_bufg_I_O)         0.091     3.422 r  clk_IBUF_BUFG_inst/O
                         net (fo=59, routed)          1.604     5.027    _prescaler/_contador/CLK
    SLICE_X3Y92          FDRE                                         r  _prescaler/_contador/counter_reg[16]/C

Slack:                    inf
  Source:                 rst
                            (input port)
  Destination:            _prescaler/_contador/counter_reg[17]/R
                            (rising edge-triggered cell FDRE clocked by sys_clk_pin  {rise@0.000ns fall@5.000ns period=10.000ns})
  Path Group:             (none)
  Path Type:              Setup (Max at Slow Process Corner)
  Data Path Delay:        4.067ns  (logic 1.477ns (36.311%)  route 2.590ns (63.689%))
  Logic Levels:           1  (IBUF=1)
  Clock Path Skew:        5.027ns (DCD - SCD + CPR)
    Destination Clock Delay (DCD):    5.027ns
    Source Clock Delay      (SCD):    0.000ns
    Clock Pessimism Removal (CPR):    0.000ns
  Clock Uncertainty:      0.025ns  ((TSJ^2 + TIJ^2)^1/2 + DJ) / 2 + PE
    Total System Jitter     (TSJ):    0.050ns
    Total Input Jitter      (TIJ):    0.000ns
    Discrete Jitter          (DJ):    0.000ns
    Phase Error              (PE):    0.000ns

    Location             Delay type                Incr(ns)  Path(ns)    Netlist Resource(s)
  -------------------------------------------------------------------    -------------------
    N17                                               0.000     0.000 r  rst (IN)
                         net (fo=0)                   0.000     0.000    rst
    N17                  IBUF (Prop_ibuf_I_O)         1.477     1.477 r  rst_IBUF_inst/O
                         net (fo=40, routed)          2.590     4.067    _prescaler/_contador/SR[0]
    SLICE_X3Y92          FDRE                                         r  _prescaler/_contador/counter_reg[17]/R
  -------------------------------------------------------------------    -------------------

                         (clock sys_clk_pin rise edge)
                                                      0.000     0.000 r  
    E3                                                0.000     0.000 r  clk (IN)
                         net (fo=0)                   0.000     0.000    clk
    E3                   IBUF (Prop_ibuf_I_O)         1.411     1.411 r  clk_IBUF_inst/O
                         net (fo=1, routed)           1.920     3.331    clk_IBUF
    BUFGCTRL_X0Y16       BUFG (Prop_bufg_I_O)         0.091     3.422 r  clk_IBUF_BUFG_inst/O
                         net (fo=59, routed)          1.604     5.027    _prescaler/_contador/CLK
    SLICE_X3Y92          FDRE                                         r  _prescaler/_contador/counter_reg[17]/C

Slack:                    inf
  Source:                 rst
                            (input port)
  Destination:            _prescaler/_contador/counter_reg[18]/R
                            (rising edge-triggered cell FDRE clocked by sys_clk_pin  {rise@0.000ns fall@5.000ns period=10.000ns})
  Path Group:             (none)
  Path Type:              Setup (Max at Slow Process Corner)
  Data Path Delay:        4.067ns  (logic 1.477ns (36.311%)  route 2.590ns (63.689%))
  Logic Levels:           1  (IBUF=1)
  Clock Path Skew:        5.027ns (DCD - SCD + CPR)
    Destination Clock Delay (DCD):    5.027ns
    Source Clock Delay      (SCD):    0.000ns
    Clock Pessimism Removal (CPR):    0.000ns
  Clock Uncertainty:      0.025ns  ((TSJ^2 + TIJ^2)^1/2 + DJ) / 2 + PE
    Total System Jitter     (TSJ):    0.050ns
    Total Input Jitter      (TIJ):    0.000ns
    Discrete Jitter          (DJ):    0.000ns
    Phase Error              (PE):    0.000ns

    Location             Delay type                Incr(ns)  Path(ns)    Netlist Resource(s)
  -------------------------------------------------------------------    -------------------
    N17                                               0.000     0.000 r  rst (IN)
                         net (fo=0)                   0.000     0.000    rst
    N17                  IBUF (Prop_ibuf_I_O)         1.477     1.477 r  rst_IBUF_inst/O
                         net (fo=40, routed)          2.590     4.067    _prescaler/_contador/SR[0]
    SLICE_X3Y92          FDRE                                         r  _prescaler/_contador/counter_reg[18]/R
  -------------------------------------------------------------------    -------------------

                         (clock sys_clk_pin rise edge)
                                                      0.000     0.000 r  
    E3                                                0.000     0.000 r  clk (IN)
                         net (fo=0)                   0.000     0.000    clk
    E3                   IBUF (Prop_ibuf_I_O)         1.411     1.411 r  clk_IBUF_inst/O
                         net (fo=1, routed)           1.920     3.331    clk_IBUF
    BUFGCTRL_X0Y16       BUFG (Prop_bufg_I_O)         0.091     3.422 r  clk_IBUF_BUFG_inst/O
                         net (fo=59, routed)          1.604     5.027    _prescaler/_contador/CLK
    SLICE_X3Y92          FDRE                                         r  _prescaler/_contador/counter_reg[18]/C

Slack:                    inf
  Source:                 rst
                            (input port)
  Destination:            _prescaler/_contador/counter_reg[19]/R
                            (rising edge-triggered cell FDRE clocked by sys_clk_pin  {rise@0.000ns fall@5.000ns period=10.000ns})
  Path Group:             (none)
  Path Type:              Setup (Max at Slow Process Corner)
  Data Path Delay:        4.067ns  (logic 1.477ns (36.311%)  route 2.590ns (63.689%))
  Logic Levels:           1  (IBUF=1)
  Clock Path Skew:        5.027ns (DCD - SCD + CPR)
    Destination Clock Delay (DCD):    5.027ns
    Source Clock Delay      (SCD):    0.000ns
    Clock Pessimism Removal (CPR):    0.000ns
  Clock Uncertainty:      0.025ns  ((TSJ^2 + TIJ^2)^1/2 + DJ) / 2 + PE
    Total System Jitter     (TSJ):    0.050ns
    Total Input Jitter      (TIJ):    0.000ns
    Discrete Jitter          (DJ):    0.000ns
    Phase Error              (PE):    0.000ns

    Location             Delay type                Incr(ns)  Path(ns)    Netlist Resource(s)
  -------------------------------------------------------------------    -------------------
    N17                                               0.000     0.000 r  rst (IN)
                         net (fo=0)                   0.000     0.000    rst
    N17                  IBUF (Prop_ibuf_I_O)         1.477     1.477 r  rst_IBUF_inst/O
                         net (fo=40, routed)          2.590     4.067    _prescaler/_contador/SR[0]
    SLICE_X3Y92          FDRE                                         r  _prescaler/_contador/counter_reg[19]/R
  -------------------------------------------------------------------    -------------------

                         (clock sys_clk_pin rise edge)
                                                      0.000     0.000 r  
    E3                                                0.000     0.000 r  clk (IN)
                         net (fo=0)                   0.000     0.000    clk
    E3                   IBUF (Prop_ibuf_I_O)         1.411     1.411 r  clk_IBUF_inst/O
                         net (fo=1, routed)           1.920     3.331    clk_IBUF
    BUFGCTRL_X0Y16       BUFG (Prop_bufg_I_O)         0.091     3.422 r  clk_IBUF_BUFG_inst/O
                         net (fo=59, routed)          1.604     5.027    _prescaler/_contador/CLK
    SLICE_X3Y92          FDRE                                         r  _prescaler/_contador/counter_reg[19]/C

Slack:                    inf
  Source:                 rst
                            (input port)
  Destination:            _tick/_contador/counter_reg[16]/R
                            (rising edge-triggered cell FDRE clocked by sys_clk_pin  {rise@0.000ns fall@5.000ns period=10.000ns})
  Path Group:             (none)
  Path Type:              Setup (Max at Slow Process Corner)
  Data Path Delay:        4.058ns  (logic 1.601ns (39.442%)  route 2.458ns (60.558%))
  Logic Levels:           2  (IBUF=1 LUT2=1)
  Clock Path Skew:        5.026ns (DCD - SCD + CPR)
    Destination Clock Delay (DCD):    5.026ns
    Source Clock Delay      (SCD):    0.000ns
    Clock Pessimism Removal (CPR):    0.000ns
  Clock Uncertainty:      0.025ns  ((TSJ^2 + TIJ^2)^1/2 + DJ) / 2 + PE
    Total System Jitter     (TSJ):    0.050ns
    Total Input Jitter      (TIJ):    0.000ns
    Discrete Jitter          (DJ):    0.000ns
    Phase Error              (PE):    0.000ns

    Location             Delay type                Incr(ns)  Path(ns)    Netlist Resource(s)
  -------------------------------------------------------------------    -------------------
    N17                                               0.000     0.000 r  rst (IN)
                         net (fo=0)                   0.000     0.000    rst
    N17                  IBUF (Prop_ibuf_I_O)         1.477     1.477 r  rst_IBUF_inst/O
                         net (fo=40, routed)          1.577     3.054    _tick/_contador/SR[0]
    SLICE_X1Y86          LUT2 (Prop_lut2_I0_O)        0.124     3.178 r  _tick/_contador/counter[0]_i_1/O
                         net (fo=20, routed)          0.880     4.058    _tick/_contador/_rst
    SLICE_X0Y89          FDRE                                         r  _tick/_contador/counter_reg[16]/R
  -------------------------------------------------------------------    -------------------

                         (clock sys_clk_pin rise edge)
                                                      0.000     0.000 r  
    E3                                                0.000     0.000 r  clk (IN)
                         net (fo=0)                   0.000     0.000    clk
    E3                   IBUF (Prop_ibuf_I_O)         1.411     1.411 r  clk_IBUF_inst/O
                         net (fo=1, routed)           1.920     3.331    clk_IBUF
    BUFGCTRL_X0Y16       BUFG (Prop_bufg_I_O)         0.091     3.422 r  clk_IBUF_BUFG_inst/O
                         net (fo=59, routed)          1.603     5.026    _tick/_contador/CLK
    SLICE_X0Y89          FDRE                                         r  _tick/_contador/counter_reg[16]/C

Slack:                    inf
  Source:                 rst
                            (input port)
  Destination:            _tick/_contador/counter_reg[17]/R
                            (rising edge-triggered cell FDRE clocked by sys_clk_pin  {rise@0.000ns fall@5.000ns period=10.000ns})
  Path Group:             (none)
  Path Type:              Setup (Max at Slow Process Corner)
  Data Path Delay:        4.058ns  (logic 1.601ns (39.442%)  route 2.458ns (60.558%))
  Logic Levels:           2  (IBUF=1 LUT2=1)
  Clock Path Skew:        5.026ns (DCD - SCD + CPR)
    Destination Clock Delay (DCD):    5.026ns
    Source Clock Delay      (SCD):    0.000ns
    Clock Pessimism Removal (CPR):    0.000ns
  Clock Uncertainty:      0.025ns  ((TSJ^2 + TIJ^2)^1/2 + DJ) / 2 + PE
    Total System Jitter     (TSJ):    0.050ns
    Total Input Jitter      (TIJ):    0.000ns
    Discrete Jitter          (DJ):    0.000ns
    Phase Error              (PE):    0.000ns

    Location             Delay type                Incr(ns)  Path(ns)    Netlist Resource(s)
  -------------------------------------------------------------------    -------------------
    N17                                               0.000     0.000 r  rst (IN)
                         net (fo=0)                   0.000     0.000    rst
    N17                  IBUF (Prop_ibuf_I_O)         1.477     1.477 r  rst_IBUF_inst/O
                         net (fo=40, routed)          1.577     3.054    _tick/_contador/SR[0]
    SLICE_X1Y86          LUT2 (Prop_lut2_I0_O)        0.124     3.178 r  _tick/_contador/counter[0]_i_1/O
                         net (fo=20, routed)          0.880     4.058    _tick/_contador/_rst
    SLICE_X0Y89          FDRE                                         r  _tick/_contador/counter_reg[17]/R
  -------------------------------------------------------------------    -------------------

                         (clock sys_clk_pin rise edge)
                                                      0.000     0.000 r  
    E3                                                0.000     0.000 r  clk (IN)
                         net (fo=0)                   0.000     0.000    clk
    E3                   IBUF (Prop_ibuf_I_O)         1.411     1.411 r  clk_IBUF_inst/O
                         net (fo=1, routed)           1.920     3.331    clk_IBUF
    BUFGCTRL_X0Y16       BUFG (Prop_bufg_I_O)         0.091     3.422 r  clk_IBUF_BUFG_inst/O
                         net (fo=59, routed)          1.603     5.026    _tick/_contador/CLK
    SLICE_X0Y89          FDRE                                         r  _tick/_contador/counter_reg[17]/C

Slack:                    inf
  Source:                 rst
                            (input port)
  Destination:            _tick/_contador/counter_reg[18]/R
                            (rising edge-triggered cell FDRE clocked by sys_clk_pin  {rise@0.000ns fall@5.000ns period=10.000ns})
  Path Group:             (none)
  Path Type:              Setup (Max at Slow Process Corner)
  Data Path Delay:        4.058ns  (logic 1.601ns (39.442%)  route 2.458ns (60.558%))
  Logic Levels:           2  (IBUF=1 LUT2=1)
  Clock Path Skew:        5.026ns (DCD - SCD + CPR)
    Destination Clock Delay (DCD):    5.026ns
    Source Clock Delay      (SCD):    0.000ns
    Clock Pessimism Removal (CPR):    0.000ns
  Clock Uncertainty:      0.025ns  ((TSJ^2 + TIJ^2)^1/2 + DJ) / 2 + PE
    Total System Jitter     (TSJ):    0.050ns
    Total Input Jitter      (TIJ):    0.000ns
    Discrete Jitter          (DJ):    0.000ns
    Phase Error              (PE):    0.000ns

    Location             Delay type                Incr(ns)  Path(ns)    Netlist Resource(s)
  -------------------------------------------------------------------    -------------------
    N17                                               0.000     0.000 r  rst (IN)
                         net (fo=0)                   0.000     0.000    rst
    N17                  IBUF (Prop_ibuf_I_O)         1.477     1.477 r  rst_IBUF_inst/O
                         net (fo=40, routed)          1.577     3.054    _tick/_contador/SR[0]
    SLICE_X1Y86          LUT2 (Prop_lut2_I0_O)        0.124     3.178 r  _tick/_contador/counter[0]_i_1/O
                         net (fo=20, routed)          0.880     4.058    _tick/_contador/_rst
    SLICE_X0Y89          FDRE                                         r  _tick/_contador/counter_reg[18]/R
  -------------------------------------------------------------------    -------------------

                         (clock sys_clk_pin rise edge)
                                                      0.000     0.000 r  
    E3                                                0.000     0.000 r  clk (IN)
                         net (fo=0)                   0.000     0.000    clk
    E3                   IBUF (Prop_ibuf_I_O)         1.411     1.411 r  clk_IBUF_inst/O
                         net (fo=1, routed)           1.920     3.331    clk_IBUF
    BUFGCTRL_X0Y16       BUFG (Prop_bufg_I_O)         0.091     3.422 r  clk_IBUF_BUFG_inst/O
                         net (fo=59, routed)          1.603     5.026    _tick/_contador/CLK
    SLICE_X0Y89          FDRE                                         r  _tick/_contador/counter_reg[18]/C

Slack:                    inf
  Source:                 rst
                            (input port)
  Destination:            _tick/_contador/counter_reg[19]/R
                            (rising edge-triggered cell FDRE clocked by sys_clk_pin  {rise@0.000ns fall@5.000ns period=10.000ns})
  Path Group:             (none)
  Path Type:              Setup (Max at Slow Process Corner)
  Data Path Delay:        4.058ns  (logic 1.601ns (39.442%)  route 2.458ns (60.558%))
  Logic Levels:           2  (IBUF=1 LUT2=1)
  Clock Path Skew:        5.026ns (DCD - SCD + CPR)
    Destination Clock Delay (DCD):    5.026ns
    Source Clock Delay      (SCD):    0.000ns
    Clock Pessimism Removal (CPR):    0.000ns
  Clock Uncertainty:      0.025ns  ((TSJ^2 + TIJ^2)^1/2 + DJ) / 2 + PE
    Total System Jitter     (TSJ):    0.050ns
    Total Input Jitter      (TIJ):    0.000ns
    Discrete Jitter          (DJ):    0.000ns
    Phase Error              (PE):    0.000ns

    Location             Delay type                Incr(ns)  Path(ns)    Netlist Resource(s)
  -------------------------------------------------------------------    -------------------
    N17                                               0.000     0.000 r  rst (IN)
                         net (fo=0)                   0.000     0.000    rst
    N17                  IBUF (Prop_ibuf_I_O)         1.477     1.477 r  rst_IBUF_inst/O
                         net (fo=40, routed)          1.577     3.054    _tick/_contador/SR[0]
    SLICE_X1Y86          LUT2 (Prop_lut2_I0_O)        0.124     3.178 r  _tick/_contador/counter[0]_i_1/O
                         net (fo=20, routed)          0.880     4.058    _tick/_contador/_rst
    SLICE_X0Y89          FDRE                                         r  _tick/_contador/counter_reg[19]/R
  -------------------------------------------------------------------    -------------------

                         (clock sys_clk_pin rise edge)
                                                      0.000     0.000 r  
    E3                                                0.000     0.000 r  clk (IN)
                         net (fo=0)                   0.000     0.000    clk
    E3                   IBUF (Prop_ibuf_I_O)         1.411     1.411 r  clk_IBUF_inst/O
                         net (fo=1, routed)           1.920     3.331    clk_IBUF
    BUFGCTRL_X0Y16       BUFG (Prop_bufg_I_O)         0.091     3.422 r  clk_IBUF_BUFG_inst/O
                         net (fo=59, routed)          1.603     5.026    _tick/_contador/CLK
    SLICE_X0Y89          FDRE                                         r  _tick/_contador/counter_reg[19]/C

Slack:                    inf
  Source:                 rst
                            (input port)
  Destination:            _prescaler/_contador/counter_reg[12]/R
                            (rising edge-triggered cell FDRE clocked by sys_clk_pin  {rise@0.000ns fall@5.000ns period=10.000ns})
  Path Group:             (none)
  Path Type:              Setup (Max at Slow Process Corner)
  Data Path Delay:        3.928ns  (logic 1.477ns (37.590%)  route 2.452ns (62.410%))
  Logic Levels:           1  (IBUF=1)
  Clock Path Skew:        5.027ns (DCD - SCD + CPR)
    Destination Clock Delay (DCD):    5.027ns
    Source Clock Delay      (SCD):    0.000ns
    Clock Pessimism Removal (CPR):    0.000ns
  Clock Uncertainty:      0.025ns  ((TSJ^2 + TIJ^2)^1/2 + DJ) / 2 + PE
    Total System Jitter     (TSJ):    0.050ns
    Total Input Jitter      (TIJ):    0.000ns
    Discrete Jitter          (DJ):    0.000ns
    Phase Error              (PE):    0.000ns

    Location             Delay type                Incr(ns)  Path(ns)    Netlist Resource(s)
  -------------------------------------------------------------------    -------------------
    N17                                               0.000     0.000 r  rst (IN)
                         net (fo=0)                   0.000     0.000    rst
    N17                  IBUF (Prop_ibuf_I_O)         1.477     1.477 r  rst_IBUF_inst/O
                         net (fo=40, routed)          2.452     3.928    _prescaler/_contador/SR[0]
    SLICE_X3Y91          FDRE                                         r  _prescaler/_contador/counter_reg[12]/R
  -------------------------------------------------------------------    -------------------

                         (clock sys_clk_pin rise edge)
                                                      0.000     0.000 r  
    E3                                                0.000     0.000 r  clk (IN)
                         net (fo=0)                   0.000     0.000    clk
    E3                   IBUF (Prop_ibuf_I_O)         1.411     1.411 r  clk_IBUF_inst/O
                         net (fo=1, routed)           1.920     3.331    clk_IBUF
    BUFGCTRL_X0Y16       BUFG (Prop_bufg_I_O)         0.091     3.422 r  clk_IBUF_BUFG_inst/O
                         net (fo=59, routed)          1.604     5.027    _prescaler/_contador/CLK
    SLICE_X3Y91          FDRE                                         r  _prescaler/_contador/counter_reg[12]/C

Slack:                    inf
  Source:                 rst
                            (input port)
  Destination:            _prescaler/_contador/counter_reg[13]/R
                            (rising edge-triggered cell FDRE clocked by sys_clk_pin  {rise@0.000ns fall@5.000ns period=10.000ns})
  Path Group:             (none)
  Path Type:              Setup (Max at Slow Process Corner)
  Data Path Delay:        3.928ns  (logic 1.477ns (37.590%)  route 2.452ns (62.410%))
  Logic Levels:           1  (IBUF=1)
  Clock Path Skew:        5.027ns (DCD - SCD + CPR)
    Destination Clock Delay (DCD):    5.027ns
    Source Clock Delay      (SCD):    0.000ns
    Clock Pessimism Removal (CPR):    0.000ns
  Clock Uncertainty:      0.025ns  ((TSJ^2 + TIJ^2)^1/2 + DJ) / 2 + PE
    Total System Jitter     (TSJ):    0.050ns
    Total Input Jitter      (TIJ):    0.000ns
    Discrete Jitter          (DJ):    0.000ns
    Phase Error              (PE):    0.000ns

    Location             Delay type                Incr(ns)  Path(ns)    Netlist Resource(s)
  -------------------------------------------------------------------    -------------------
    N17                                               0.000     0.000 r  rst (IN)
                         net (fo=0)                   0.000     0.000    rst
    N17                  IBUF (Prop_ibuf_I_O)         1.477     1.477 r  rst_IBUF_inst/O
                         net (fo=40, routed)          2.452     3.928    _prescaler/_contador/SR[0]
    SLICE_X3Y91          FDRE                                         r  _prescaler/_contador/counter_reg[13]/R
  -------------------------------------------------------------------    -------------------

                         (clock sys_clk_pin rise edge)
                                                      0.000     0.000 r  
    E3                                                0.000     0.000 r  clk (IN)
                         net (fo=0)                   0.000     0.000    clk
    E3                   IBUF (Prop_ibuf_I_O)         1.411     1.411 r  clk_IBUF_inst/O
                         net (fo=1, routed)           1.920     3.331    clk_IBUF
    BUFGCTRL_X0Y16       BUFG (Prop_bufg_I_O)         0.091     3.422 r  clk_IBUF_BUFG_inst/O
                         net (fo=59, routed)          1.604     5.027    _prescaler/_contador/CLK
    SLICE_X3Y91          FDRE                                         r  _prescaler/_contador/counter_reg[13]/C





Min Delay Paths
--------------------------------------------------------------------------------------
Slack:                    inf
  Source:                 rst
                            (input port)
  Destination:            _centesimas/counter_reg[0]/R
                            (rising edge-triggered cell FDRE clocked by sys_clk_pin  {rise@0.000ns fall@5.000ns period=10.000ns})
  Path Group:             (none)
  Path Type:              Hold (Min at Fast Process Corner)
  Data Path Delay:        0.842ns  (logic 0.244ns (29.038%)  route 0.597ns (70.962%))
  Logic Levels:           1  (IBUF=1)
  Clock Path Skew:        2.034ns (DCD - SCD - CPR)
    Destination Clock Delay (DCD):    2.034ns
    Source Clock Delay      (SCD):    0.000ns
    Clock Pessimism Removal (CPR):    -0.000ns

    Location             Delay type                Incr(ns)  Path(ns)    Netlist Resource(s)
  -------------------------------------------------------------------    -------------------
    N17                                               0.000     0.000 r  rst (IN)
                         net (fo=0)                   0.000     0.000    rst
    N17                  IBUF (Prop_ibuf_I_O)         0.244     0.244 r  rst_IBUF_inst/O
                         net (fo=40, routed)          0.597     0.842    _centesimas/SR[0]
    SLICE_X5Y86          FDRE                                         r  _centesimas/counter_reg[0]/R
  -------------------------------------------------------------------    -------------------

                         (clock sys_clk_pin rise edge)
                                                      0.000     0.000 r  
    E3                                                0.000     0.000 r  clk (IN)
                         net (fo=0)                   0.000     0.000    clk
    E3                   IBUF (Prop_ibuf_I_O)         0.438     0.438 r  clk_IBUF_inst/O
                         net (fo=1, routed)           0.699     1.136    clk_IBUF
    BUFGCTRL_X0Y16       BUFG (Prop_bufg_I_O)         0.029     1.165 r  clk_IBUF_BUFG_inst/O
                         net (fo=59, routed)          0.869     2.034    _centesimas/CLK
    SLICE_X5Y86          FDRE                                         r  _centesimas/counter_reg[0]/C

Slack:                    inf
  Source:                 rst
                            (input port)
  Destination:            _centesimas/counter_reg[2]/R
                            (rising edge-triggered cell FDRE clocked by sys_clk_pin  {rise@0.000ns fall@5.000ns period=10.000ns})
  Path Group:             (none)
  Path Type:              Hold (Min at Fast Process Corner)
  Data Path Delay:        0.842ns  (logic 0.244ns (29.038%)  route 0.597ns (70.962%))
  Logic Levels:           1  (IBUF=1)
  Clock Path Skew:        2.034ns (DCD - SCD - CPR)
    Destination Clock Delay (DCD):    2.034ns
    Source Clock Delay      (SCD):    0.000ns
    Clock Pessimism Removal (CPR):    -0.000ns

    Location             Delay type                Incr(ns)  Path(ns)    Netlist Resource(s)
  -------------------------------------------------------------------    -------------------
    N17                                               0.000     0.000 r  rst (IN)
                         net (fo=0)                   0.000     0.000    rst
    N17                  IBUF (Prop_ibuf_I_O)         0.244     0.244 r  rst_IBUF_inst/O
                         net (fo=40, routed)          0.597     0.842    _centesimas/SR[0]
    SLICE_X5Y86          FDRE                                         r  _centesimas/counter_reg[2]/R
  -------------------------------------------------------------------    -------------------

                         (clock sys_clk_pin rise edge)
                                                      0.000     0.000 r  
    E3                                                0.000     0.000 r  clk (IN)
                         net (fo=0)                   0.000     0.000    clk
    E3                   IBUF (Prop_ibuf_I_O)         0.438     0.438 r  clk_IBUF_inst/O
                         net (fo=1, routed)           0.699     1.136    clk_IBUF
    BUFGCTRL_X0Y16       BUFG (Prop_bufg_I_O)         0.029     1.165 r  clk_IBUF_BUFG_inst/O
                         net (fo=59, routed)          0.869     2.034    _centesimas/CLK
    SLICE_X5Y86          FDRE                                         r  _centesimas/counter_reg[2]/C

Slack:                    inf
  Source:                 rst
                            (input port)
  Destination:            _centesimas/counter_reg[3]/R
                            (rising edge-triggered cell FDRE clocked by sys_clk_pin  {rise@0.000ns fall@5.000ns period=10.000ns})
  Path Group:             (none)
  Path Type:              Hold (Min at Fast Process Corner)
  Data Path Delay:        0.842ns  (logic 0.244ns (29.038%)  route 0.597ns (70.962%))
  Logic Levels:           1  (IBUF=1)
  Clock Path Skew:        2.034ns (DCD - SCD - CPR)
    Destination Clock Delay (DCD):    2.034ns
    Source Clock Delay      (SCD):    0.000ns
    Clock Pessimism Removal (CPR):    -0.000ns

    Location             Delay type                Incr(ns)  Path(ns)    Netlist Resource(s)
  -------------------------------------------------------------------    -------------------
    N17                                               0.000     0.000 r  rst (IN)
                         net (fo=0)                   0.000     0.000    rst
    N17                  IBUF (Prop_ibuf_I_O)         0.244     0.244 r  rst_IBUF_inst/O
                         net (fo=40, routed)          0.597     0.842    _centesimas/SR[0]
    SLICE_X5Y86          FDRE                                         r  _centesimas/counter_reg[3]/R
  -------------------------------------------------------------------    -------------------

                         (clock sys_clk_pin rise edge)
                                                      0.000     0.000 r  
    E3                                                0.000     0.000 r  clk (IN)
                         net (fo=0)                   0.000     0.000    clk
    E3                   IBUF (Prop_ibuf_I_O)         0.438     0.438 r  clk_IBUF_inst/O
                         net (fo=1, routed)           0.699     1.136    clk_IBUF
    BUFGCTRL_X0Y16       BUFG (Prop_bufg_I_O)         0.029     1.165 r  clk_IBUF_BUFG_inst/O
                         net (fo=59, routed)          0.869     2.034    _centesimas/CLK
    SLICE_X5Y86          FDRE                                         r  _centesimas/counter_reg[3]/C

Slack:                    inf
  Source:                 rst
                            (input port)
  Destination:            _centesimas/counter_reg[4]/R
                            (rising edge-triggered cell FDRE clocked by sys_clk_pin  {rise@0.000ns fall@5.000ns period=10.000ns})
  Path Group:             (none)
  Path Type:              Hold (Min at Fast Process Corner)
  Data Path Delay:        0.842ns  (logic 0.244ns (29.038%)  route 0.597ns (70.962%))
  Logic Levels:           1  (IBUF=1)
  Clock Path Skew:        2.034ns (DCD - SCD - CPR)
    Destination Clock Delay (DCD):    2.034ns
    Source Clock Delay      (SCD):    0.000ns
    Clock Pessimism Removal (CPR):    -0.000ns

    Location             Delay type                Incr(ns)  Path(ns)    Netlist Resource(s)
  -------------------------------------------------------------------    -------------------
    N17                                               0.000     0.000 r  rst (IN)
                         net (fo=0)                   0.000     0.000    rst
    N17                  IBUF (Prop_ibuf_I_O)         0.244     0.244 r  rst_IBUF_inst/O
                         net (fo=40, routed)          0.597     0.842    _centesimas/SR[0]
    SLICE_X5Y86          FDRE                                         r  _centesimas/counter_reg[4]/R
  -------------------------------------------------------------------    -------------------

                         (clock sys_clk_pin rise edge)
                                                      0.000     0.000 r  
    E3                                                0.000     0.000 r  clk (IN)
                         net (fo=0)                   0.000     0.000    clk
    E3                   IBUF (Prop_ibuf_I_O)         0.438     0.438 r  clk_IBUF_inst/O
                         net (fo=1, routed)           0.699     1.136    clk_IBUF
    BUFGCTRL_X0Y16       BUFG (Prop_bufg_I_O)         0.029     1.165 r  clk_IBUF_BUFG_inst/O
                         net (fo=59, routed)          0.869     2.034    _centesimas/CLK
    SLICE_X5Y86          FDRE                                         r  _centesimas/counter_reg[4]/C

Slack:                    inf
  Source:                 rst
                            (input port)
  Destination:            _centesimas/counter_reg[1]/R
                            (rising edge-triggered cell FDRE clocked by sys_clk_pin  {rise@0.000ns fall@5.000ns period=10.000ns})
  Path Group:             (none)
  Path Type:              Hold (Min at Fast Process Corner)
  Data Path Delay:        0.846ns  (logic 0.244ns (28.889%)  route 0.602ns (71.111%))
  Logic Levels:           1  (IBUF=1)
  Clock Path Skew:        2.034ns (DCD - SCD - CPR)
    Destination Clock Delay (DCD):    2.034ns
    Source Clock Delay      (SCD):    0.000ns
    Clock Pessimism Removal (CPR):    -0.000ns

    Location             Delay type                Incr(ns)  Path(ns)    Netlist Resource(s)
  -------------------------------------------------------------------    -------------------
    N17                                               0.000     0.000 r  rst (IN)
                         net (fo=0)                   0.000     0.000    rst
    N17                  IBUF (Prop_ibuf_I_O)         0.244     0.244 r  rst_IBUF_inst/O
                         net (fo=40, routed)          0.602     0.846    _centesimas/SR[0]
    SLICE_X4Y86          FDRE                                         r  _centesimas/counter_reg[1]/R
  -------------------------------------------------------------------    -------------------

                         (clock sys_clk_pin rise edge)
                                                      0.000     0.000 r  
    E3                                                0.000     0.000 r  clk (IN)
                         net (fo=0)                   0.000     0.000    clk
    E3                   IBUF (Prop_ibuf_I_O)         0.438     0.438 r  clk_IBUF_inst/O
                         net (fo=1, routed)           0.699     1.136    clk_IBUF
    BUFGCTRL_X0Y16       BUFG (Prop_bufg_I_O)         0.029     1.165 r  clk_IBUF_BUFG_inst/O
                         net (fo=59, routed)          0.869     2.034    _centesimas/CLK
    SLICE_X4Y86          FDRE                                         r  _centesimas/counter_reg[1]/C

Slack:                    inf
  Source:                 rst
                            (input port)
  Destination:            _centesimas/counter_reg[5]/R
                            (rising edge-triggered cell FDRE clocked by sys_clk_pin  {rise@0.000ns fall@5.000ns period=10.000ns})
  Path Group:             (none)
  Path Type:              Hold (Min at Fast Process Corner)
  Data Path Delay:        0.846ns  (logic 0.244ns (28.889%)  route 0.602ns (71.111%))
  Logic Levels:           1  (IBUF=1)
  Clock Path Skew:        2.034ns (DCD - SCD - CPR)
    Destination Clock Delay (DCD):    2.034ns
    Source Clock Delay      (SCD):    0.000ns
    Clock Pessimism Removal (CPR):    -0.000ns

    Location             Delay type                Incr(ns)  Path(ns)    Netlist Resource(s)
  -------------------------------------------------------------------    -------------------
    N17                                               0.000     0.000 r  rst (IN)
                         net (fo=0)                   0.000     0.000    rst
    N17                  IBUF (Prop_ibuf_I_O)         0.244     0.244 r  rst_IBUF_inst/O
                         net (fo=40, routed)          0.602     0.846    _centesimas/SR[0]
    SLICE_X4Y86          FDRE                                         r  _centesimas/counter_reg[5]/R
  -------------------------------------------------------------------    -------------------

                         (clock sys_clk_pin rise edge)
                                                      0.000     0.000 r  
    E3                                                0.000     0.000 r  clk (IN)
                         net (fo=0)                   0.000     0.000    clk
    E3                   IBUF (Prop_ibuf_I_O)         0.438     0.438 r  clk_IBUF_inst/O
                         net (fo=1, routed)           0.699     1.136    clk_IBUF
    BUFGCTRL_X0Y16       BUFG (Prop_bufg_I_O)         0.029     1.165 r  clk_IBUF_BUFG_inst/O
                         net (fo=59, routed)          0.869     2.034    _centesimas/CLK
    SLICE_X4Y86          FDRE                                         r  _centesimas/counter_reg[5]/C

Slack:                    inf
  Source:                 rst
                            (input port)
  Destination:            _centesimas/counter_reg[6]/R
                            (rising edge-triggered cell FDRE clocked by sys_clk_pin  {rise@0.000ns fall@5.000ns period=10.000ns})
  Path Group:             (none)
  Path Type:              Hold (Min at Fast Process Corner)
  Data Path Delay:        0.846ns  (logic 0.244ns (28.889%)  route 0.602ns (71.111%))
  Logic Levels:           1  (IBUF=1)
  Clock Path Skew:        2.034ns (DCD - SCD - CPR)
    Destination Clock Delay (DCD):    2.034ns
    Source Clock Delay      (SCD):    0.000ns
    Clock Pessimism Removal (CPR):    -0.000ns

    Location             Delay type                Incr(ns)  Path(ns)    Netlist Resource(s)
  -------------------------------------------------------------------    -------------------
    N17                                               0.000     0.000 r  rst (IN)
                         net (fo=0)                   0.000     0.000    rst
    N17                  IBUF (Prop_ibuf_I_O)         0.244     0.244 r  rst_IBUF_inst/O
                         net (fo=40, routed)          0.602     0.846    _centesimas/SR[0]
    SLICE_X4Y86          FDRE                                         r  _centesimas/counter_reg[6]/R
  -------------------------------------------------------------------    -------------------

                         (clock sys_clk_pin rise edge)
                                                      0.000     0.000 r  
    E3                                                0.000     0.000 r  clk (IN)
                         net (fo=0)                   0.000     0.000    clk
    E3                   IBUF (Prop_ibuf_I_O)         0.438     0.438 r  clk_IBUF_inst/O
                         net (fo=1, routed)           0.699     1.136    clk_IBUF
    BUFGCTRL_X0Y16       BUFG (Prop_bufg_I_O)         0.029     1.165 r  clk_IBUF_BUFG_inst/O
                         net (fo=59, routed)          0.869     2.034    _centesimas/CLK
    SLICE_X4Y86          FDRE                                         r  _centesimas/counter_reg[6]/C

Slack:                    inf
  Source:                 rst
                            (input port)
  Destination:            _minutos/counter_reg[0]/R
                            (rising edge-triggered cell FDRE clocked by sys_clk_pin  {rise@0.000ns fall@5.000ns period=10.000ns})
  Path Group:             (none)
  Path Type:              Hold (Min at Fast Process Corner)
  Data Path Delay:        0.890ns  (logic 0.244ns (27.478%)  route 0.645ns (72.522%))
  Logic Levels:           1  (IBUF=1)
  Clock Path Skew:        2.035ns (DCD - SCD - CPR)
    Destination Clock Delay (DCD):    2.035ns
    Source Clock Delay      (SCD):    0.000ns
    Clock Pessimism Removal (CPR):    -0.000ns

    Location             Delay type                Incr(ns)  Path(ns)    Netlist Resource(s)
  -------------------------------------------------------------------    -------------------
    N17                                               0.000     0.000 r  rst (IN)
                         net (fo=0)                   0.000     0.000    rst
    N17                  IBUF (Prop_ibuf_I_O)         0.244     0.244 r  rst_IBUF_inst/O
                         net (fo=40, routed)          0.645     0.890    _minutos/SR[0]
    SLICE_X7Y87          FDRE                                         r  _minutos/counter_reg[0]/R
  -------------------------------------------------------------------    -------------------

                         (clock sys_clk_pin rise edge)
                                                      0.000     0.000 r  
    E3                                                0.000     0.000 r  clk (IN)
                         net (fo=0)                   0.000     0.000    clk
    E3                   IBUF (Prop_ibuf_I_O)         0.438     0.438 r  clk_IBUF_inst/O
                         net (fo=1, routed)           0.699     1.136    clk_IBUF
    BUFGCTRL_X0Y16       BUFG (Prop_bufg_I_O)         0.029     1.165 r  clk_IBUF_BUFG_inst/O
                         net (fo=59, routed)          0.870     2.035    _minutos/CLK
    SLICE_X7Y87          FDRE                                         r  _minutos/counter_reg[0]/C

Slack:                    inf
  Source:                 rst
                            (input port)
  Destination:            _minutos/counter_reg[1]/R
                            (rising edge-triggered cell FDRE clocked by sys_clk_pin  {rise@0.000ns fall@5.000ns period=10.000ns})
  Path Group:             (none)
  Path Type:              Hold (Min at Fast Process Corner)
  Data Path Delay:        0.890ns  (logic 0.244ns (27.478%)  route 0.645ns (72.522%))
  Logic Levels:           1  (IBUF=1)
  Clock Path Skew:        2.035ns (DCD - SCD - CPR)
    Destination Clock Delay (DCD):    2.035ns
    Source Clock Delay      (SCD):    0.000ns
    Clock Pessimism Removal (CPR):    -0.000ns

    Location             Delay type                Incr(ns)  Path(ns)    Netlist Resource(s)
  -------------------------------------------------------------------    -------------------
    N17                                               0.000     0.000 r  rst (IN)
                         net (fo=0)                   0.000     0.000    rst
    N17                  IBUF (Prop_ibuf_I_O)         0.244     0.244 r  rst_IBUF_inst/O
                         net (fo=40, routed)          0.645     0.890    _minutos/SR[0]
    SLICE_X7Y87          FDRE                                         r  _minutos/counter_reg[1]/R
  -------------------------------------------------------------------    -------------------

                         (clock sys_clk_pin rise edge)
                                                      0.000     0.000 r  
    E3                                                0.000     0.000 r  clk (IN)
                         net (fo=0)                   0.000     0.000    clk
    E3                   IBUF (Prop_ibuf_I_O)         0.438     0.438 r  clk_IBUF_inst/O
                         net (fo=1, routed)           0.699     1.136    clk_IBUF
    BUFGCTRL_X0Y16       BUFG (Prop_bufg_I_O)         0.029     1.165 r  clk_IBUF_BUFG_inst/O
                         net (fo=59, routed)          0.870     2.035    _minutos/CLK
    SLICE_X7Y87          FDRE                                         r  _minutos/counter_reg[1]/C

Slack:                    inf
  Source:                 rst
                            (input port)
  Destination:            _minutos/counter_reg[2]/R
                            (rising edge-triggered cell FDRE clocked by sys_clk_pin  {rise@0.000ns fall@5.000ns period=10.000ns})
  Path Group:             (none)
  Path Type:              Hold (Min at Fast Process Corner)
  Data Path Delay:        0.890ns  (logic 0.244ns (27.478%)  route 0.645ns (72.522%))
  Logic Levels:           1  (IBUF=1)
  Clock Path Skew:        2.035ns (DCD - SCD - CPR)
    Destination Clock Delay (DCD):    2.035ns
    Source Clock Delay      (SCD):    0.000ns
    Clock Pessimism Removal (CPR):    -0.000ns

    Location             Delay type                Incr(ns)  Path(ns)    Netlist Resource(s)
  -------------------------------------------------------------------    -------------------
    N17                                               0.000     0.000 r  rst (IN)
                         net (fo=0)                   0.000     0.000    rst
    N17                  IBUF (Prop_ibuf_I_O)         0.244     0.244 r  rst_IBUF_inst/O
                         net (fo=40, routed)          0.645     0.890    _minutos/SR[0]
    SLICE_X6Y87          FDRE                                         r  _minutos/counter_reg[2]/R
  -------------------------------------------------------------------    -------------------

                         (clock sys_clk_pin rise edge)
                                                      0.000     0.000 r  
    E3                                                0.000     0.000 r  clk (IN)
                         net (fo=0)                   0.000     0.000    clk
    E3                   IBUF (Prop_ibuf_I_O)         0.438     0.438 r  clk_IBUF_inst/O
                         net (fo=1, routed)           0.699     1.136    clk_IBUF
    BUFGCTRL_X0Y16       BUFG (Prop_bufg_I_O)         0.029     1.165 r  clk_IBUF_BUFG_inst/O
                         net (fo=59, routed)          0.870     2.035    _minutos/CLK
    SLICE_X6Y87          FDRE                                         r  _minutos/counter_reg[2]/C





